"Film","Released_Year","Released_month","Director","Cast_1","Cast_2","Genre_1","Genre_2","IMDB_Ratings","IMDB_Users","Budget_in_crore(INR)","Worldwide_box_office_gross_in_crore(INR)"
"Baby","2015","January","Neeraj Pandey","Akshay Kumar","Danny Denzongpa","Action","Thriller","8","56882","58.97","142.99"
"Dolly Ki Doli","2015","January","Abhishek Dogra","	Sonam Kapoor","Pulkit Samrat","Comedy","","4.5","3052","21.00","19.21"
"Rahasya","2015","January","Manish Gupta","Kay Kay Menon","Ashish Vidyarthi","Social","","7.6","4856","6.00","2.80"
"Khamoshiyan","2015","January","Karan Darra","	Gurmeet Choudhary","Ali Fazal","Drama","","4","1315","10.00","14.00"
"Sharafat Gayi Tel Lene","2015","January","Gurmmeet Singh","Zayed Khan","Tena Desae","Comedy","","5","287","7.00","0.57"
"Alone","2015","January","Bhusan Patel","Bipasha Basu","Karan Singh Grover","Horror","Romance","3.7","1721","19.00","25.85"
"Tevar","2015","January","Amit Sharma","Arjun Kapoor","Sonakshi Sinha","Action","Drama","4.2","3170","54.00","56.51"
"Hawaizaada","2015","January","Vibhu Puri","Mithun Chakraborty","Ayushmann Khurrana","Biography","","5.5","1917","25.00","5.84"
"Badlapur","2015","February","Sriram Raghavan","Varun Dhawan","Yami Gautam","Action","Drama","7.4","23601","29.00","78.90"
"Hey Bro","2015","February","Ajay Chandhok","Ganesh Acharya","Maninder Singh","Drama","","2.8","197","6.00","2.00"
"Badmashiyaan - Fun Never Ends","2015","February","Amit Khanna","Suzanna Mukherjee","Sidhant Gupta","Comedy","Romance","4.5","140","null","0.79"
"Ab Tak Chhappan 2","2015","February","Aejaz Gulab","Nana Patekar","Vikram Gokhale","Crime","","5.7","1418","18.00","9.40"
"Dum Laga Ke Haisha","2015","February","Sharat Katariya","Ayushmann Khurrana","Bhumi Pednekar","Drama","","7.5","19597","14.00","41.45"
"Roy","2015","February","Vikramjit Singh","Ranbir Kapoor","Jacqueline Fernandez","Romance","Thriller","3.2","7470","50.00","56.00"
"MSG: The Messenger Of God","2015","February","Gurmeet Ram Rahim Singh Ji Insan","Gurmeet Ram Rahim Singh Ji Insan","Fllora Saini","Drama","","6.7","11285","30.00","16.90"
"Shamitabh","2015","February","R Balakrishnan","Amitabh Bachchan","Dhanush","Drama","","6.7","7447","49.00","37.13"
"Hunterrr","2015","March","Harshavardhan Kulkarni","Gulshan Devaiya","Radhika Apte","Drama","","7","6189","9.00","19.46"
"NH10","2015","March","Navdeep Singh","Anushka Sharma","Neil Bhoopalam","Romance","Thriller","7.2","13119","18.00","49.11"
"Dirty Politics","2015","March","K C Bokadia","Mallika Sherawat","Jackie Shroff","Crime","","2.6","604","11.00","8.48"
"Mr. X","2015","April","Vikram Bhatt","Emraan Hashmi","Amyra Dastur","Horror","","3.8","2163","37.00","29.74"
"Margarita With A Straw","2015","April","Shonali Bose","Kalki Koechlin","Revathi","Social","","7.2","3773","6.50","7.43"
"Ek Paheli Leela","2015","April"," Bobby Khan","Sunny Leone","Jay Bhanushali","Musical","","3.8","1781","23.00","25.56"
"Dharam Sankat Mein","2015","April","Fuwad Khan","Naseeruddin Shah","Paresh Rawal","Drama","","6.3","2247","14.00","12.10"
"Detective Byomkesh Bakshy","2015","April","Dibakar Banerjee","Sushant Singh Rajput","Anand Tiwari","Thriller","","7.7","22876","35.00","43.95"
"Welcome To Karachi","2015","May","Ashish R. Mohan","Jackky Bhagnani","Arshad Warsi","Social","","4.3","1195","29.00","13.54"
"Tanu Weds Manu Returns","2015","May","Anand L Rai","Kangana Ranaut","Madhavan","Drama","","7.7","28557","39.00","243.64"
"Bombay Velvet","2015","May","Anurag Kashyap","Ranbir Kapoor","Anushka Sharma","Thriller","","5.5","5932","118.00","43.14"
"Piku","2015","May","Shoojit Sircar","Amitabh Bachchan","Deepika Padukone","Drama","","7.6","31396","42.00","141.26"
"Kuch Kuch Locha Hai","2015","May","Devang Dholakia","Sunny Leone","Ram Kapoor","Comedy","Romance","2.6","844","15.00","3.51"
"Gabbar Is Back","2015","May","Radha Krishna Jagarlamudi","Akshay Kumar","Shruti Haasan","Social","","7.1","24770","79.00","135.81"
"Miss Tanakpur Haazir Ho","2015","June","Vinod Kapri","Annu Kapoor","Hrishitaa Bhatt","Comedy","","5.4","347","6.00","1.54"
"ABCD Any Body Can Dance 2","2015","June","Remo Dsouza","Varun Dhawan","Shraddha Kapoor","Drama","","5.4","6307","65.00","163.31"
"Hamari Adhuri Kahaani","2015","June","Mohit Suri","Emraan Hashmi","Vidya Balan","Drama","","6.8","6009","40.00","51.87"
"Dil Dhadakne Do","2015","June","Zoya Akhtar","Farhan Akhtar","Ranveer Singh","Romance","","7","17261","83.00","144.79"
"Lateef","2015","June","Israr Ahmed","Nawazuddin Siddiqui","Murali Sharma","Crime","","3.3","131","4.60","0.67"
"Drishyam","2015","July","Nishikant Kamat","Ajay Devgn","Tabu","Thriller","","8.2","79403","62.00","110.43"
"Bajrangi Bhaijaan","2015","July","Kabir Khan","Salman Khan","Kareena Kapoor","Action","Drama","8.1","84768","125.00","603.99"
"Guddu Rangeela","2015","July","Subhash Kapoor","Arshad Warsi","Amit Sadh","Comedy","","5.3","913","20.00","9.60"
"Phantom","2015","August","Kabir Khan","Saif Ali Khan","Katrina Kaif","Action","Thriller","5.9","9192","72.00","84.44"
"Kaun Kitney Paani Mein","2015","August","Nila Madhab Panda","Kunal Kapoor","Radhika Apte","Drama","","6","479","1.00","0.35"
"Baankey Ki Crazy Baraat","2015","August","Aijaz Khan","Sanjay Mishra","Rajpal Yadav","Comedy","","6.1","395","null","5.45"
"All Is Well","2015","August","Umesh Shukla","Abhishek Bachchan","Asin Thottumkal","Drama","","3.6","1585","34.00","23.03"
"Manjhi The Mountain Man","2015","August","Ketan Mehta"," Nawazuddin Siddiqui","Radhika Apte","Biography","","8","18956","8.50","17.24"
"Brothers","2015","August","Karan Malhotra","Akshay Kumar","Sidharth Malhotra","Drama","","6.5","12872","112.00","123.10"
"Bangistan","2015","August","Karan Anshuman","Riteish Deshmukh","Pulkit Samrat","Action","Comedy","4.5","1270","29.00","8.30"
"Bhaag Johnny","2015","September","Deepak Tijori","Kunal Khemu","Zoa Morani","Thriller","","5.1","1014","15.00","8.00"
"Kis Kisko Pyaar Karoon","2015","September","Abbas Burmawalla, Mustan Burmawalla","Kapil Sharma","Varun Sharma","Comedy","","5.7","6016","16.00","71.60"
"Calendar Girls","2015","September","Madhur Bhandarkar","Akanksha Puri","Kyra Dutt","Drama","","4.2","906","13.00","8.19"
"Katti Batti","2015","September","Nikkhil Advani","Kangana Ranaut","Imran Khan","Drama","","4.7","3135","32.00","42.64"
"MSG 2 The Messenger","2015","September","Gurmeet Ram Rahim Singh Ji Insan","Gurmeet Ram Rahim Singh Ji Insan","","Social","","7.4","8485","23.00","17.18"
"Meeruthiya Gangsters","2015","September","Zeishan Quadri","Jaideep Ahlawat","Aakash Dahiya","Crime","","7.1","665","null","0.81"
"Hero","2015","September","Nikkhil Advani","Sooraj Pancholi","Athiya Shetty","Action","Drama","3.6","2579","36.00","48.00"
"Welcome Back","2015","September","Anees Bazmee","John Abraham","Shruti Haasan","Comedy","","4.2","5993","108.00","168.77"
"Main Aur Charles","2015","October","Prawaal Raman","Randeep Hooda","Richa Chadda","Thriller","","6.2","1674","10.00","8.12"
"Guddu Ki Gun","2015","October","Sheershak Anand, Shantanu Ray Chhibber","Kunal Khemu","Payel Sarkar","Drama","","4.7","725","null","2.12"
"Once Upon A Time In Bihar","2015","October","Nitin Chandra","Ashish Vidhyarthi","Kranti Prakash Jha","Social","","7.4","206","null","0.08"
"Shaandaar","2015","October","Vikas Bahl","Shahid Kapoor","Alia Bhatt","Drama","","3.6","5639","69.00","75.70"
"Beeba Boys","2015","October","Deepa Mehta","Randeep Hooda","Gulshan Grover","Crime","","5","586","null","null"
"Pyaar Ka Punchnama 2","2015","October","Luv Ranjan","Kartik Tiwari","Nushrat Bharucha","Comedy","Romance","7.3","15043","22.00","88.18"
"Jazbaa","2015","October","Sanjay Gupta","Aishwarya Rai Bachchan","Irrfan Khan","Action","Thriller","5.7","3497","28.00","42.97"
"Singh Is Bling","2015","October","Prabhu Deva","Akshay Kumar","Amy Jackson","Action","Comedy","5.1","8415","91.00","125.38"
"Talvar","2015","October","Meghna Gulzar","Irrfan Khan","Konkona Sen Sharma","Drama","","8.1","34609","17.00","47.18"
"Tamasha","2015","November","Imtiaz Ali","Ranbir Kapoor","Deepika Padukone","Adventure","","7.3","26946","87.00","136.64"
"X - Past Is Present","2015","November","Rajat Kapoor, Anshuman Jha","Rajat Kapoor","Anshuman Jha","Drama","","5.2","702","null","0.40"
"Prem Ratan Dhan Payo","2015","November","Sooraj Barjatya","Salman Khan","Sonam Kapoor","Drama","","4.5","21791","180.00","365.45"
"Yaara Silly Silly","2015","November","Subhash Sehgal","Paoli Dam","Parambrata Chattopadhyay","Romance","","5.6","262","null","0.51"
"Charlie Kay Chakkar Mein","2015","November","Manish Srivastav","Naseeruddin Shah","Anand Tiwari","Drama","","4.6","165","6.00","1.02"
"Bajirao Mastani","2015","December","Sanjay Leela Bhansali","Ranveer Singh","Deepika Padukone","Drama","","7.3","34169","145.00","356.20"
"Dilwale","2015","December","Rohit Shetty","Shahrukh Khan","Kajol","Action","Romance","5.1","34213","165.00","372.23"
"Hate Story 3","2015","December","Vishal Pandya","Zareen Khan","Sharman Joshi","Romance","Thriller","4.6","3203","20.00","62.21"
"Angry Indian Goddesses","2015","December","Pan Nalin","Sarah Jane Dias","Rajshri Deshpande","Drama","","6.9","2856","9.00","2.92"
"Mastizaade","2016","January","Milap Zaveri","Sunny Leone","Tusshar Kapoor","Comedy","","2.4","2795","30.00","25.60"
"Saala Khadoos","2016","January","Sudha Kongara","Madhavan","Ritika Singh","Sports","","7.6","12017","20.00","14.95"
"Airlift","2016","January","Raja Krishna Menon","Akshay Kumar","Nimrat Kaur","Action","","8","56360","68.00","209.97"
"Kyaa Kool Hain Hum 3","2016","January","Umesh Ghadge","Tusshar Kapoor","Aftab Shivdasani","Comedy","Romance","1.9","4341","26.00","33.14"
"Chalk N Duster","2016","January","Jayant Gillator","Juhi Chawla","Shabana Azmi","Drama","","6.6","768","12.00","2.22"
"Wazir","2016","January","Bejoy Nambiar","Amitabh Bachchan","Farhan Akhtar","Drama","","7.1","18831","36.00","75.75"
"Tere Bin Laden Dead Or Alive","2016","February","Abhishek Sharma","Manish Paul","Pradhuman Singh","Comedy","","4.3","930","13.00","5.81"
"Aligarh","2016","February","Hansal Mehta","Manoj Bajpayee","Rajkummar Rao","Social","","7.8","6979","11.00","3.74"
"Bollywood Diaries","2016","February","K.D. Satyam","Ashish Vidhyarthi","Raima Sen","Drama","","6","294","null","0.47"
"Love Shagun","2016","February","Sandesh Nayak","Anuj Sachdeva","Nidhi Subbaiah","Comedy","Romance","4.5","111","null","0.12"
"LoveShhuda","2016","February","Vaibhav Mishra","Girish Taurani","Navneet Kaur Dhillon","Comedy","Romance","4.8","580","22.00","4.29"
"Neerja","2016","February","Ram Madhvani","Sonam Kapoor","Shekhar Ravjiani","Biography","","7.6","22521","28.00","118.72"
"Direct Ishq","2016","February","Rajiv S. Ruia","Rajneesh Duggal","Nidhi Subbaiah","Action","Romance","4.4","80","null","0.56"
"Ishq Forever","2016","February","Sameer Sippy","Krishna Chaturvedi","Ruhi Singh","Drama","","4.2","108","null","0.28"
"Fitoor","2016","February","Abhishek Kapoor","Aditya Roy Kapur","Katrina Kaif","Drama","","5.4","4801","71.00","39.78"
"Sanam Re","2016","February","Divya Khosla Kumar","Pulkit Samrat","Yami Gautam","Comedy","","3.2","3152","27.00","31.46"
"Ghayal Once Again","2016","February","Sunny Deol","Sunny Deol","Soha Ali Khan","Action","","6.3","5148","50.00","45.36"
"Sanam Teri Kasam","2016","February","Radhika Rao, Vinay Sapru","Harshvardhan Rane","Mawra Hocane","Romance","","7.6","12921","19.00","15.11"
"Rocky Handsome","2016","March","Nishikant Kamat","John Abraham","Shruti Haasan","Action","","6.8","8239","43.00","35.58"
"Kapoor & Sons","2016","March","Shakun Batra","Sidharth Malhotra","Fawad Khan","Drama","","7.7","25760","38.00","143.28"
"Mumbai Central","2016","March","Karan Radhakrishna","Rajshri Deshpande","Brijesh Tiwari","Crime","","4.9","30","null","null"
"Teraa Surroor","2016","March","Shawn Arranha","Himesh Reshammiya","Farah Karimi","Action","Drama","2.8","884","15.00","8.54"
"Jai Gangaajal","2016","March","Prakash Jha","Priyanka Chopra","Prakash Jha","Drama","","5.8","2528","33.00","49.59"
"Zubaan","2016","March","Mozez Singh","Vicky Kaushal","Sarah Jane Dias","Drama","","6.1","488","8.00","0.52"
"Baaghi","2016","April","Sabir Khan","Tiger Shroff","Shraddha Kapoor","Romance","","5.3","8773","37.00","129.97"
"Pirates 1.0","2016","April","Raj Madiraju","Indraneel Sengupta","Raj Madiraju","Thriller","","6.5","273","null","null"
"Shortcut Safaari","2016","April","Amitabha Singh","Jimmy Sheirgill","Aashi Rawal","Adventure","","6.4","74","null","null"
"Nil Battey Sannata","2016","April","Ashwiny Iyer Tiwari","Swara Bhaskar","Ratna Pathak","Drama","","8.3","6749","8.00","6.00"
"Laal Rang","2016","April","Syed Ahmad Afzal","Randeep Hooda","Akshay Oberoi","Drama","","8","4611","10.00","2.68"
"Santa Banta Pvt. Ltd","2016","April","Akashdeep","Boman Irani","Vir Das","Comedy","","2.8","281","9.50","1.25"
"Fan","2016","April","Maneesh Sharma","Shahrukh Khan","Shriya Pilgaonkar","Drama","","7","45180","120.00","188.00"
"Love Games","2016","April","Vikram Bhatt","Patralekha","Gaurav Arora","Thriller","","4.2","962","10.00","4.34"
"The Blueberry Hunt","2016","April","Anup Kurian","Naseeruddin Shah","Vipin Sharma","Action","Thriller","5.4","210","null","null"
"Ki And Ka","2016","April","R Balakrishnan","Arjun Kapoor","Kareena Kapoor","Comedy","Romance","5.7","5700","20.00","103.00"
"Fredrick","2016","May","Rajesh Butalia","Prashant Narayanan","Tulna Butalia","Thriller","","5.2","21","null","null"
"Phobia","2016","May","Pawan Kripalani","Radhika Apte","","Thriller","","6.8","2954","8.50","5.29"
"Veerappan","2016","May","Ram Gopal Varma","Shiva Rajkumar","Sandeep Bharadwaj","Action","Thriller","5.2","787","14.00","9.03"
"Sarabjit","2016","May","Omung Kumar","Aishwarya Rai Bachchan","Randeep Hooda","Biography","","7.3","4894","32.00","41.44"
"Azhar","2016","May","Tony Dsouza","Emraan Hashmi","Prachi Desai","Biography","","5.8","5606","40.00","49.94"
"Dear Dad","2016","May","Tanuj Bhramar","Arvind Swamy","Himanshu Sharma","Drama","","6.3","413","null","0.22"
"Buddha In A Traffic Jam","2016","May","Vivek Agnihotri","Anupam Kher","Arunoday Singh","Thriller","","7.5","7558","5.00","0.40"
"Khel To Abb Shuru Hoga","2016","May","Kunal V Singh","Ruslaan Mumtaz","Devshi Khanduri","Drama","","4.9","14","null","null"
"Traffic","2016","May","Rajesh Pillai","Manoj Bajpayee","","Thriller","","6.7","2648","9.00","5.13"
"1920 London","2016","May","Tinu Desai","Sharman Joshi","Meera Chopra","Horror","","4.1","1702","21.00","22.68"
"One Night Stand","2016","May","Jasmine Dsouza","Sunny Leone","Tanuj Virwani","Drama","","3.2","1287","17.00","4.80"
"7 Hours To Go","2016","June","Saurabh Varma","Sandeepa Dhar","Shiv Pandit","Action","Thriller","5.6","423","null","0.86"
"Raman Raghav 2.0","2016","June","Anurag Kashyap","Nawazuddin Siddiqui","Vicky Kaushal","Crime","","7.3","14520","10.00","10.68"
"Junooniyat","2016","June","Vivek Agnihotri","Pulkit Samrat","Yami Gautam","Drama","","4.1","871","12.00","5.13"
"Udta Punjab","2016","June","Abhishek Chaubhey","Shahid Kapoor","Kareena Kapoor","Thriller","","7.8","29948","47.00","96.08"
"Dhanak","2016","June","Nagesh Kukunoor","Hetal Gada","Krrish Chhabria","Drama","","7.9","3994","2.00","3.00"
"Do Lafzon Ki Kahani","2016","June","Deepak Tijori","Randeep Hooda","Kajal Aggarwal","Drama","","6.6","1556","11.00","4.09"
"Te3n","2016","June","Ribhu Dasgupta","Amitabh Bachchan","Vidya Balan","Drama","","7.2","12921","34.00","33.77"
"Housefull 3","2016","June","Sajid Samji, Farhad Samji","Akshay Kumar","Abhishek Bachchan","Comedy","","4.9","9450","97.00","194.94"
"Bhouri","2016","June","Jasbir Bhaati","Raghubir Yadav","Masha Pour","Drama","","6.7","449","null","0.02"
"Dishoom","2016","July","Rohit Dhawan","Varun Dhawan","John Abraham","Action","Thriller","5.1","7843","61.00","118.76"
"Madaari","2016","July","Nishikant Kamat","Irrfan Khan","Jimmy Sheirgill","Thriller","","7.6","14229","20.00","28.73"
"Ishq Click","2016","July","Anil Balani","Adhyayan Suman","Sara Loren","Drama","","4.3","93","null","null"
"Great Grand Masti","2016","July","Indra Kumar","Riteish Deshmukh","Vivek Oberoi","Comedy","","3.7","2630","39.00","20.23"
"Sultan","2016","July","Ali Abbas Zafar","Salman Khan","Randeep Hooda","Sports","","7.1","45224","145.00","577.29"
"Kerry On Kutton","2016","July","Ashok Yadav","Satyadev Dube","Aditya Kumar","Drama","","5.7","288","null","0.07"
"Shorgul","2016","July","Jitendra Tiwari","Jimmy Sheirgill","Ashutosh Rana","Drama","","5.6","295","null","1.24"
"A Flying Jatt","2016","August","Remo Dsouza","Tiger Shroff","Jacqueline Fernandez","Action","","3.2","4669","55.00","49.37"
"Happy Bhag Jayegi","2016","August","Mudassar Aziz","Abhay Deol","Diana Penty","Comedy","Romance","6.4","5338","20.00","39.15"
"Mohenjo Daro","2016","August","Ashutosh Gowariker","Hrithik Roshan","Pooja Hegde","Drama","","5.7","11588","138.00","104.08"
"San 75 Pachattar","2016","August","Navneet Behal","Kay Kay Menon","Kirti Kulhari","Drama","","7.5","18","null","null"
"Rustom","2016","August","Tinu Suresh Desai","Akshay Kumar","Esha Gupta","Action","Romance","7","26167","73.00","214.00"
"Fever","2016","August","Rajeev Jhaveri","Rajeev Khandelwal","Gauhar Khan","Romance","","4.7","689","null","1.53"
"Budhia Singh Born To Run","2016","August","Soumendra Padhi","Manoj Bajpayee","Tillotama Shome","Biography","","7.6","1486","null","2.68"
"The Legend Of Michael Mishra","2016","August","Manish Jha","Arshad Warsi","Aditi Rao Hydari","Comedy","","4.3","590","10.00","1.30"
"MS Dhoni - The Untold Story","2016","September","Neeraj Pandey","Sushant Singh Rajput","Kiara Advani","Biography","","8","53372","110.00","189.83"
"Wah Taj","2016","September","Ajit Sinha","Shreyas Talpade","Manjari Fadnis","Drama","","5.3","128","15.00","0.19"
"Banjo","2016","September","Ravi Jadhav","Riteish Deshmukh","Nargis Fakhri","Action ","Musical","5","1168","20.00","12.11"
"Days Of Tafree","2016","September","Krishnadev Yagnik","Yash Soni","Ansh Bagri","Drama","","7.4","278","15.00","3.33"
"Parched","2016","September","Leena Yadav","Tannishtha Chatterjee","Radhika Apte","Drama","","7.5","5283","24.00","12.03"
"Raaz Reboot","2016","September","Vikram Bhatt","Emraan Hashmi","Kriti Kharbanda","Horror","Romance","4.4","1948","31.00","36.97"
"Pink","2016","September","Aniruddha Roy Chowdhury","Amitabh Bachchan","Taapsee Pannu","Drama","","8.1","44110","29.00","108.88"
"Baar Baar Dekho","2016","September","Nitya Mehra","Katrina Kaif","Sidharth Malhotra","Romance","","5.4","7016","53.00","62.67"
"Freaky Ali","2016","September","Sohail Khan","Nawazuddin Siddiqui","Arbaaz Khan","Sports","","5","2778","23.00","20.88"
"Akira","2016","September","A.R. Murugadoss","Sonakshi Sinha","Anurag Kashyap","Action ","Drama","5.9","4123","32.00","43.87"
"Yeh Toh Two Much Ho Gayaa","2016","September","Anwar Khan","Jimmy Sheirgill","Arbaaz Khan","Comedy","","3.6","119","null","0.44"
"Island City","2016","September","Ruchika Oberoi","Tannishta Chatterjee","Ashwin Mushran","Drama","","6.7","338","null","0.20"
"Ae Dil Hai Mushkil","2016","October","Karan Johar","Ranbir Kapoor","Aishwarya Rai Bachchan","Romance","Drama","5.8","22923","98.00","229.56"
"Shivaay","2016","October","Ajay Devgn","Ajay Devgn","Sayyeshaa Saigal","Action","Drama","6.2","10441","103.00","124.15"
"31st October","2016","October","Shivaji Lotan Patil","Soha Ali Khan","Vir Das","Social","","5.7","268","7.00","1.38"
"My Father Iqbal","2016","October","Suzad Iqbal Khan","Narendra Jha","Komal Thakker","Thriller","","6.9","13","null","0.03"
"Gandhigiri","2016","October","Sanoj Mishra","Om Puri","Sanjay Mishra","Drama","","4.6","60","null","0.57"
"Beiimaan Love","2016","October","Rajeev Chaudhari","Sunny Leone","Rajneesh Duggal","Drama","","2.9","500","null","3.11"
"Saat Uchakkey","2016","October","Sanjeev Sharma","Anupam Kher","Manoj Bajpayee","Drama","","5.6","874","null","3.35"
"Fuddu","2016","October","Sunil Subramani","Swati Kapoor","Sharman Joshi","Comedy","","4.8","170","0.80","0.25"
"Anna","2016","October","Shashank Udapurkar","Shashank Udapurkar","Tanisha Mukherjee","Biography","","5.2","45","null","null"
"Tutak Tutak Tutiya","2016","October","Vijay","Prabhu Deva","Tamannaah Bhatia","Horror","","5.5","787","11.00","6.94"
"Dear Zindagi","2016","November","Gauri Shinde","Shahrukh Khan","Alia Bhatt","Drama","","7.5","39294","46.00","138.91"
"Saansein The Last Breath","2016","November","Rajiv S Ruia","Rajneesh Duggal","Sonarika Bhadoria","Horror","Romance","3.1","159","null","1.35"
"Moh Maya Money","2016","November","Munish Bhardwaj","Neha Dhupia","Ranvir Shorey","Crime","","5.7","429","null","0.26"
"Force 2","2016","November","Abhinay Deo","John Abraham","Sonakshi Sinha","Action ","Thriller","6.2","5492","41.00","52.61"
"Tum Bin 2","2016","November","Anubhav Sinha","Neha Sharma","Aditya Seal","Romance","","4.8","1289","16.00","6.80"
"Rock On 2","2016","November","Shujaat Saudagar","Arjun Rampal","Farhan Akhtar","Drama","","5","2158","45.00","17.76"
"Ishq Junoon","2016","November","Sanjay Sharma","Rajvir Singh","Divya Singh","Romance","Thriller","2.6","118","null","0.99"
"Yeh Hai Lollipop","2016","November","Manoj Sharma","Om Puri","Shilpa Anand","Comedy","","6.3","38","null","null"
"Dongri Ka Raja","2016","November","Hadi Abrar","Ronit Roy","Ashmit Patel","Romance","","4.3","177","null","0.73"
"Mahayoddha Rama","2016","November","Rohit Vaid","Kunal Kapoor","Jimmy Sheirgill","Animation ","History","8","46","null","null"
"Dangal","2016","December","Nitesh Tiwari","Aamir Khan","Sakshi Tanwar","Biography","","8.4","181817","132.00","702.48"
"Wajah Tum Ho","2016","December","Vishal Pandya","Sana Khan","Sharman Joshi","Thriller","","4.4","1239","14.00","13.57"
"Befikre","2016","December","Aditya Chopra","Ranveer Singh","Vaani Kapoor","Drama","","4","7603","64.00","103.99"
"Kahaani 2","2016","December","Sujoy Ghosh","Vidya Balan","Arjun Rampal","Thriller","","6.6","5585","33.00","55.94"
"Raees","2017","January","Rahul Dholakia","Shahrukh Khan","Mahira Khan","Drama","","6.8","43782","127.00","272.52"
"Kaabil","2017","January","Sanjay Gupta","Hrithik Roshan","Yami Gautam","Drama","","7.2","26484","89.00","154.51"
"Haraamkhor","2017","January","Shlok Sharma","Nawazuddin Siddiqui","Shweta Tripathi","Drama","","6.4","4065","2.25","2.27"
"Ok Jaanu","2017","January","Shaad Ali","Aditya Roy Kapur","Shraddha Kapoor","Romance","","5.2","4209","27.00","37.50"
"Coffee With D","2017","January","Vishal Mishra","Sunil Grover","Anjana Sukhani","Comedy","","4.2","1471","8.00","0.72"
"Rangoon","2017","February","Vishal Bharadwaj","Kangana Ranaut","Shahid Kapoor","Action","War","5.6","4721","61.00","40.50"
"Mona Darling","2017","February","Shashi Sudigala","Anshuman Jha","Divya Menon","Thriller","","4.7","270","null","0.13"
"Wedding Anniversary","2017","February","Shekhar S Jha","Nana Patekar","Mahie Gill","Drama","","4.9","92","null","null"
"The Ghazi Attack","2017","February","Sankalp Reddy","Taapsee Pannu","Rana Daggubati","Thriller","","7.5","13408","16.00","34.53"
"Running shaadi","2017","February","Amit Roy","Taapsee Pannu","Amit Sadh","Comedy","Romance","6.8","2715","8.50","1.34"
"Irada","2017","February","Aparnaa Singh","Naseeruddin Shah","Arshad Warsi","Thriller","","6.3","1384","7.50","1.12"
"Jolly LLB 2","2017","February","Subhash Kapoor","Akshay Kumar","Annu Kapoor","Comedy","","7.2","24956","83.00","182.73"
"Naam Shabana","2017","March","Shivam Nair","Prithviraj Sukumaran","Taapsee Pannu","Drama","","6.2","6705","33.00","55.99"
"Poorna","2017","March","Rahul Bose","Rahul Bose","Dhritiman Chatterjee","Drama","","7.7","1459","3.75","3.71"
"Phillauri","2017","March","Anshai Lal","Anushka Sharma","Diljit Dosanjh","Drama","","6","3845","29.00","46.61"
"Anaarkali Of Aaraah","2017","March","Avinash Das","Swara Bhaskar","Sanjay Mishra","Comedy","","6.1","1851","5.75","1.48"
"Machine","2017","March","Abbas Burmawalla, Mustan Burmawalla","Mustafa","Kiara Advani","Drama","","2.7","852","30.00","3.48"
"Aa Gaya Hero","2017","March","Dipankar Senapati","Govinda","Ashutosh Rana","Comedy","","2.9","364","8.50","1.39"
"Jindua","2017","March","Navaniat Singh","Jimmy Sheirgill","Neeru Bajwa","Comedy","Romance","6.4","276","6.00","11.00"
"Trapped","2017","March","Vikramaditya Motwane","Rajkummar Rao","","Drama","Thriller","7.5","12308","5.00","3.53"
"Mantra","2017","March","Nicholas Kharkongor","Rajat Kapoor","Kalki Koechlin","Drama","","5.2","211","null","null"
"Badrinath Ki Dulhania","2017","March","Shashank Khaitan","Varun Dhawan","Alia Bhatt","Comedy","Romance","6.1","12080","44.00","194.82"
"Commando 2","2017","March","Deven Bhojani","Vidyut Jammwal","Adah Sharma","Action","Thriller","5.4","3425","26.00","34.04"
"Jeena Isi Ka Naam Hai","2017","March","Keshhav Panneriy","Arbaaz Khan","Ashutosh Rana","Drama","","3.3","109","null","null"
"Noor","2017","April","Sunhil Sippy","Sonakshi Sinha","Kanan Gill","Drama","","4","1518","24.00","11.85"
"Maatr","2017","April","Ashtar Sayed","Raveena Tandon","Divya Jagdale","Thriller","","4.6","447","8.50","1.62"
"Begum Jaan","2017","April","Srijit Mukherji","Vidya Balan","Gauhar Khan","Drama","","5.6","2769","19.00","30.62"
"Laali Ki Shaadi Mein Laaddoo Deewana","2017","April","Manish Harishankar","Akshara Haasan","Vivaan Shah","Comedy","","3.3","142","20.00","1.23"
"Mirza Juuliet","2017","April","Rajesh Ram Singh","Piaa Bajpai","Darshan Kumar","Drama","","4.1","165","null","0.95"
"Blue Mountains","2017","April","Suman Ganguli","Ranvir Shorey","Gracy Singh","Drama","","5.8","58","null","null"
"Sachin A Billion Dreams","2017","May","James Erskine","Sachin Tendulkar","Arjun Tendulkar","Biography","","8.6","8022","39.00","64.95"
"Thodi Thodi Si Manmaaniyan","2017","May","Aditya Sarpotdar","Shrenu Parikh","Shilpa Tulaskar","Drama","","5.9","42","null","null"
"Half Girlfriend","2017","May","Mohit Suri","Arjun Kapoor","Shraddha Kapoor","Drama","Romance","4.6","7137","58.00","86.48"
"Hindi Medium","2017","May","Saket Chaudhary","Irrfan Khan","Saba Qamar","Drama","","7.8","27890","23.00","91.86"
"Jattu Engineer","2017","May","Gurmeet Ram Rahim Singh Ji Insan","Gurmeet Ram Rahim Singh Ji Insan","Honeypreet Insan","Comedy","","6.7","3384","9.00","9.97"
"Meri Pyaari Bindu","2017","May","Akshay Roy","Parineeti Chopra","Ayushmann Khurrana","Comedy","Romance","6","5124","22.00","17.79"
"Sarkar 3","2017","May","Ram Gopal Varma","Amitabh Bachchan","Manoj Bajpayee","Thriller","","4.9","2100","36.00","20.54"
"Ek Haseena Thi Ek Deewana (2017)","2017","June","Suneel Darshan","Upen Patel","Shiv Darshan","Comedy","Romance","2.8","121","14.00","1.67"
"Tubelight","2017","June","Kabir Khan","Salman Khan","Sohail Khan","Drama","War","4.1","20014","135.00","207.99"
"Bank Chor","2017","June","Bumpy","Riteish Deshmukh","Rhea Chakraborty","Comedy","","6","2822","15.00","9.85"
"Phullu (2017)","2017","June","Abhishek Saxena","Sharib Hashmi","Jyotii Sethi","Comedy","","6","204","null","null"
"Raabta","2017","June","Dinesh Vijan","Sushant Singh Rajput","Kriti Sanon","Comedy","Romance","4.8","7783","47.00","33.70"
"Behen Hogi Teri","2017","June","Ajay K Pannalal","Rajkummar Rao","Shruti Haasan","Drama","","5.6","2104","13.00","3.06"
"Dobaara","2017","June","Prawaal Raman","Huma Qureshi","Saqib Saleem","Horror","","3.8","367","10.00","2.15"
"Dear Maya","2017","June","Sunaina Bhatnagar","Manisha Koirala","Madhiha Imam","Drama","","6","447","null","0.22"
"Sweetiee Weds NRI (2017)","2017","June","Hasnain Hyderabadawala","Himansh Kohli","Zoya Afroz","Comedy","","3.4","260","null","0.20"
"Mubarakan","2017","July","Anees Bazmee","Arjun Kapoor","Anil Kapoor","Comedy","","5.6","3904","65.00","89.93"
"Indu Sarkar","2017","July","Madhur Bhandarkar","Kirti Kulhari","Tota Roy Chowdhury","Drama","","6.1","1533","12.00","6.07"
"Raag Desh","2017","July","Tigmanshu Dhulia","Kunal Kapoor","Amit Sadh","Action","Drama","8.2","404","0.95","1.18"
"Munna Michael","2017","July","Sabir Khan","Tiger Shroff","Nawazuddin Siddiqui","Action","Romance","3.4","3407","41.00","51.53"
"Lipstick Under My Burkha","2017","July","Alankrita Shrivastava","Konkona Sen Sharma","Sushant Singh","Drama","","6.8","6763","7.00","21.56"
"Jagga Jasoos","2017","July","Anurag Basu","Ranbir Kapoor","Katrina Kaif","Action","","6.4","10156","131.00","86.86"
"Shab","2017","July","Onir","Raveena Tandon","Sanjay Suri","Thriller","","4.3","230","10.00","0.13"
"Mom","2017","July","Ravi Udyawar","Sridevi Kapoor","Akshaye Khanna","Drama","Thriller","7.2","10401","37.00","56.57"
"Guest in London","2017","July","Ashwni Dhir","Kartik Aaryan","Kriti Kharbanda","Comedy","","5.4","2012","28.00","11.11"
"A Gentleman Sundar Susheel Risky (2017)","2017","August","Raj Nidimoru, Krishna DK","Sidharth Malhotra","Jacqueline Fernandez","Action","","6.3","7172","67.00","33.49"
"Sniff","2017","August","Amole Gupte","Master Sunny Gill","","Sci - Fi","","5.5","148","5.00","0.95"
"Babumoshai Bandookbaaz","2017","August","Kushan Nandy","Nawazuddin Siddiqui","Shraddha Das","Drama","","6.9","2190","10.00","12.62"
"Qaidi Band (2017)","2017","August","Habib Faisal","Aadar Jain","Anya Singh","Musical","","5.9","358","21.00","0.45"
"Bareilly Ki Barfi","2017","August","Ashwiny Iyer Tiwari"," Ayushmann Khurrana","Kriti Sanon","Comedy","","7.5","22962","20.00","54.90"
"Viceroy's House","2017","August","Gurinder Chadha","Huma Qureshi","Manish Dayal","Drama","","6.7","7683","8.50","11.80"
"Toilet Ek Prem Katha","2017","August","Shree Narayan Singh","Akshay Kumar","Bhumi Pednekar","Comedy","Romance","7.2","20663","75.00","200.08"
"Jab Harry Met Sejal","2017","August","Imtiaz Ali","Shahrukh Khan","Anushka Sharma","Comedy","Romance","5","20482","119.00","147.76"
"Yeh Hai India","2017","August","Lom Harsh","Mohan Joshi","Surendra Pal","Drama","","3.5","191","5.00","0.06"
"Gurgaon (2017)","2017","August","Shanker Raman","Akshay Oberoi","Pankaj Tripathi","Action","Thriller","6.5","2187","null","null"
"Judwaa 2","2017","September","David Dhawan","Varun Dhawan","Taapsee Pannu","Comedy","","3.6","10585","63.00","206.65"
"Bhoomi","2017","September","Omung Kumar","Sanjay Dutt","Aditi Rao Hydari","Drama","","5.3","1870","31.00","15.38"
"Haseena Parkar (2017)","2017","September","Apoorva Lakhia","Shraddha Kapoor","Siddhanth Kapoor","Biography","","4.3","1410","18.00","9.07"
"Newton (2017)","2017","September","Amit V Masurkar","Rajkummar Rao","Pankaj Tripathi","Comedy","","7.6","19689","9.00","29.12"
"The Final Exit","2017","September","Dhawanil Mehta","Kunal Kapoor","Scarlett Wilson","Horror","","6.5","44","null","null"
"Simran","2017","September","Hansal Mehta","Kangana Ranaut","Mark Justice","Drama","","5.2","4260","28.00","26.30"
"Patel Ki Punjabi Shaadi","2017","September","Sanjay Chhel","Vir Das","Rishi Kapoor","Comedy","","4","368","11.00","2.54"
"Lucknow Central","2017","September","Nikkhil Advani","Farhan Akhtar","Diana Penty","Drama","","6.2","2886","30.00","17.94"
"Daddy","2017","September","Ashim Ahluwalia","Arjun Rampal","Aishwarya Rajesh","Drama","","6.4","2045","21.00","15.48"
"Poster Boys (2017)","2017","September","Shreyas Talpade","Sunny Deol","Bobby Deol","Comedy","","5.4","1546","27.00","17.09"
"The Rally","2017","September","Deepak Anand","Mirza","Arshin Mehta","Action","","7.4","517","8.00","0.12"
"Baadshaho","2017","September","Milan Luthria","Ajay Devgn","Emraan Hashmi","Action","Thriller","4.9","4814","90.00","101.18"
"Shubh Mangal Saavdhan","2017","September","R S Prasanna","Ayushmann Khurrana","Bhumi Pednekar","Romance","","6.9","10120","25.00","64.02"
"Jia Aur Jia","2017","October","Howard Rosemeyer","Kalki Koechlin","Richa Chadda","Social","","4.5","193","10.00","0.93"
"Rukh (2017)","2017","October","Atanu Mukherjee","Manoj Bajpayee","Smita Tambe","Drama","","6.3","642","null","0.88"
"Golmaal Again","2017","October","Rohit Shetty","Ajay Devgn","Tabu","Comedy","","4.9","9210","142.00","311.05"
"Secret Superstar","2017","October","Advait Chandan","Aamir Khan","Zaira Wasim","Drama","","7.8","24295","45.00","122.54"
"Ranchi Diaries (2017)","2017","October","Sattwik Mohanty","Soundarya Sharma","Anupam Kher","Drama","","7.4","88","4.25","1.11"
"Sheitaan","2017","October","Sameer Khan","Nirab Hossain","Kavita Radheshyam","Horror","","4.1","25","null","null"
"Chef","2017","October","Raja Krishna Menon","Saif Ali Khan","Padmapriya","Drama","","5.6","2397","31.00","10.55"
"2016 The End","2017","October","Jaideep Chopra","Rahul Roy","Divyendu Sharma","Comedy","","4.8","107","null","0.15"
"Tu Hai Mera Sunday","2017","October","Milind Dhaimade","Barun Sobti","Shahana Goswami","Comedy","Romance","7.7","1658","10.00","0.50"
"Julie 2","2017","November","Deepak Shivdasani","Raai Laxmi","Rati Agnihotri","Romance","Thriller","2.2","335","8.50","3.31"
"Kadvi Hawa","2017","November","Nila Madhab Panda","Sanjay Mishra","Tillotama Shome","Drama","","7.9","1101","6.00","1.00"
"Ajji","2017","November","Devashish Makhija","Sushama Deshpande","Sharvani Suryavanshi","Drama","","7","1502","3.00","0.08"
"Tumhari Sulu","2017","November","Suresh Triveni","Vidya Balan","Manav Kaul","Comedy","Drama","7","5172","20.00","51.39"
"Aksar 2","2017","November","Anant Mahadevan","Zareen Khan","Gautam Rode","Action","","3.5","448","9.00","6.36"
"Dil Jo Na Keh Saka","2017","November","Naresh Lalwani","Himansh Kohli","Priya Banerjee","Romance","","5.4","105","10.00","0.17"
"Panchlait","2017","November","Prem Prakash Modi","Amitosh Nagpal","Anuradha Mukherjee","Drama","","6.7","115","null","0.05"
"The House Next Door","2017","November","Milind Rau","Siddharth","Andrea Jeremiah","Horror","","6.7","2386","15.00","2.31"
"Shaadi Mein Zaroor Aana","2017","November","Ratnaa Sinha","Rajkummar Rao","Kriti Kharbanda","Romance","Drama","7.5","15359","13.00","19.47"
"Qarib Qarib Single","2017","November","Tanuja Chandra","Irrfan Khan","Parvathy","Drama","","7.1","8192","17.00","21.03"
"Ittefaq","2017","November","Abhay Chopra","Sonakshi Sinha","Sidharth Malhotra","Thriller","Romance","7.2","12159","29.00","50.94"
"Ribbon","2017","November","Rakhee Sandilya","Kalki Koechlin","Sumeet Vyas","Drama","","6.8","646","8.00","0.53"
"Ram Ratan","2017","November","Govind Sakariya","Daisy Shah","Rishi Bhutani","Comedy","Romance","3.8","65","null","null"
"Jihad","2017","November","Rakesh Parmaar","Alfeeya","Farhad Ahmed Dehlvi","Drama","","8.8","65","null","null"
"Tiger Zinda Hai","2017","December","Ali Abbas Zafar","Salman Khan","Katrina Kaif","Action","","5.9","28510","210.00","565.10"
"Sabrang","2017","December","Niranjan Bharti","Sanaya Sharma","Soniya Albizuri","Romance","","8.8","7","null","null"
"My Friends Dulhania","2017","December","Op Rai, Prashamit Chaudhury","Mudasir Zafar","Shaina Baweja","Comedy","","6.8","25","null","null"
"Monsoon Shootout","2017","December","Amit Kumar","Nawazuddin Siddiqui","Vijay Varma","Drama","","6.6","1223","12.00","0.90"
"Fukrey Returns","2017","December","Mrigdeep Singh Lamba","Pulkit Samrat","Varun Sharma","Comedy","","6.5","5373","29.00","112.28"
"Galti Sirf Tumhari","2017","December","Suryakant Tyagi","Poonam Pandey","Navi Bhangu","Drama","Romance","4","8","null","null"
"Brij Mohan Amar Rahe","2017","December","Nikhil Bhat","Arjun Mathur","Nidhi Singh","Comedy","Crime","6.9","3777","null","null"
"Sallu Ki Shaadi","2017","December","Mohammad Israr Ansari","Zeenat Aman","Kiran Kumar","Comedy","","3.6","45","null","null"
"The Great Leader","2017","December","Abhishek Chadha","Amitabh Bachchan","Gulshan Grover","Drama","","2.1","32","null","null"
"Game Over (2017)","2017","December","Paresh Vinodray Savani","Umesh Bajpai","Arham Abbasi","Thriller","","7.2","95","null","null"
"Tera Intezaar","2017","December","Raajeev Walia","Arbaaz Khan","Sunny Leone","Romance","","1.7","304","11.00","2.39"
"Firangi","2017","December","Rajiv Dhingra","Kapil Sharma","Ishita Dutta","History","","4.3","1200","40.00","16.60"
"Viraam","2017","December","Ziaullah Khan","Narendra Jha","Urmila Mahanta","Drama","","5.7","41","null","null"
"Padmaavat","2018","January","Sanjay Leela Bhansali","Deepika Padukone","Ranveer Singh","Drama","","7","31272","215.00","545.93"
"Vodka Diaries","2018","January","Kushal Srivastava","Kay Kay Menon","Raima Sen","Thriller","","5.5","1385","7.00","1.26"
"Medal","2018","January","Ganesh Mehta","Ajay Sharma","Muzahid Khan","Drama","","9","8","null","null"
"Union Leader","2018","January","Sanjay Patel","Rahul Bhatt","Tillotama Shome","Drama","","7.2","1623","null","null"
"Nirdosh","2018","January","Pradeep Rangwani, Subroto Paul","Arbaaz Khan","Manjari Fadnis","Thriller","","4","148","8.00","1.53"
"My Birthday Song","2018","January","Samir Soni","Sanjay Suri","Nora Fatehi","Mystery ","Thriller","5.5","282","3.00","0.07"
"Hamara Tiranga","2018","January","Sajeev Balath","Milind Soman","Ashmit Patel","Drama","","6.9","11","null","null"
"Kaalakaandi","2018","January","Akshat Verma","Saif Ali Khan","Sobhita Dhulipala","Comedy","","6.2","2898","18.00","6.15"
"Mukkabaaz","2018","January","Anurag Kashyap","Vineet Kumar Singh","Jimmy Sheirgill","Drama","","8","7532","12.00","14.95"
"1921 (2018)","2018","January","Vikram Bhatt","Zareen Khan","Karan Kundrra","Horror","","4.3","1234","15.00","22.37"
"Udanchhoo","2018","January","Vipin Parashar","Prem Chopra","Ashutosh Rana","Comedy","","3.6","49","null","null"
"Sonu Ke Titu Ki Sweety","2018","February","Luv Ranjan","Kartik Aaryan`","Nushrat Bharucha","Comedy","Romance","7.1","21876","40.00","148.05"
"Welcome To New York","2018","February","Chakri Toleti","Karan Johar","Diljit Dosanjh","Comedy","","1.5","904","36.00","5.84"
"Carry On Kesar","2018","February","Vipul Mehta","Darshan Jariwala","Supriya Pathak","Comedy","","9","72","null","null"
"Aiyaary","2018","February","Neeraj Pandey","Sidharth Malhotra","Manoj Bajpayee","Crime","Thriller","5.3","4666","57.00","32.74"
"The Window","2018","February","VK Choudhary","Amit Kumar Vashisth","Teena Singh","Drama","","7.2","36","null","null"
"Kuchh Bheege Alfaaz","2018","February","Onir","Zain Khan Durrani","Geetanjali Thapa","Drama","Romance","7.4","906","2.00","0.09"
"Jaane Kyun De Yaaron","2018","February","Akshay Anand","Kabir Bedi","Akshay Anand","Drama","","4.9","41","null","null"
"Love Per Square Foot","2018","February","Anand Tiwari","Vicky Kaushal","Angira Dhar","Action","Drama","7.2","8226","5.00","null"
"Pad Man","2018","February","R Balki","Akshay Kumar","Sonam Kapoor","Biography ","Drama","7.9","25272","76.00","128.09"
"Kuldip Patwal: I Didn't Do It!","2018","February","Remy Kohli","Jameel Khan","Gulshan Devaiah","Crime","","6.4","650","null","null"
"Baaghi 2","2018","March","Ahmed Khan","Tiger Shroff","Disha Patani","Action","Romance","4.8","10489","59.00","251.05"
"Hichki","2018","March","Siddharth P Malhotra","Rani Mukherjee","Harsh Mayar","Drama","","7.5","12171","20.00","77.00"
"Pareshaan Parinda","2018","March","Devesh Pratap Singh","Meeraj Shah","Sakshi Singh","Action","Romance","5.9","13","null","null"
"Baa Baaa Black Sheep","2018","March","Vishwas Paandya","Anupam Kher","Manish Paul","Comedy","Drama","6.6","1192","8.00","0.30"
"Shaadi Teri Bajayenge Hum Band","2018","March","Gurpreet Sondh","Rajpal Yadav","Rahul Bagga","Action","Comedy","5.2","184","null","null"
"Raid","2018","March","Rajkumar Gupta","Ajay Devgn","Ileana D Cruz","Action","Thriller","7.4","17188","72.00","145.72"
"Raja Abroadiya","2018","March","Lakhwinder Shabla","Robin Sohi","Vaishnavi Patwardhan","Comedy","Drama","4.7","21","null","null"
"Hate Story 4","2018","March","Vishal Pandya","Karan Wahi","Urvashi Rautela","Thriller","","3.3","1611","17.00","26.61"
"3 Storeys","2018","March","Arjun Mukerjee","Richa Chadda","Renuka Shahane","Drama","","7","428","11.00","3.19"
"Dil Juunglee","2018","March","Aleya Sen Sharma","Taapsee Pannu","Saqib Saleem","Drama","Romance","3.6","470","1.00","1.95"
"Pari","2018","March","Prosit Roy","Anushka Sharma","Parambrata Chatterjee","Horror","Mystery","6.5","6384","21.00","40.42"
"Veerey Ki Wedding","2018","March","Ashu Trikha","Pulkit Samrat","Jimmy Sheirgill","Comedy","","2.8","563","16.00","5.10"
"Daas Dev","2018","April","Sudhir Mishra","Richa Chadda","Aditi Rao Hydari","Drama","","5.1","309","20.00","1.52"
"Ishq Tera","2018","April","Jojo D'Souza","Hrishitaa Bhatt","Mohit Madaan","Drama","Romance","6.2","13","null","null"
"Beyond The Clouds","2018","April","Majid Majidi","Ishaan Khatter","Malavika Mohanan","Drama","","6.9","2411","6.00","2.87"
"Nanu Ki Jaanu","2018","April","Faraz Haider","Abhay Deol","Patralekha","Comedy","","5.8","1787","15.00","5.68"
"October","2018","April","Shoojit Sircar","Varun Dhawan","Banita Sandhu","Drama","Romance","7.5","15402","33.00","54.98"
"Blackmail","2018","April","Abhinay Deo","Irrfan Khan","Kirti Kulhari","Comedy","Drama","7.1","10541","20.00","24.69"
"Missing","2018","April","Mukul Abhyankar","Tabu","Manoj Bajpayee","Thriller","","5.8","2236","null","0.97"
"Parmanu The Story Of Pokhran","2018","May","Abhishek Sharma","John Abraham","Diana Penty","Action","","7.6","23745","44.00","90.89"
"Bioscopewala","2018","May","Deb Medhekar","Danny Denzongpa","Geetanjali Thapa","Drama","","7.5","954","null","0.55"
"High Jack","2018","May","Akarsh Khurana","Sumeet Vyas","Sonnalli Seygall","Comedy","","5.2","321","7.00","0.44"
"Khajoor Pe Atke","2018","May","Harsh Chhaya","Manoj Pahwa","Vinay Pathak","Comedy","Drama","5.6","242","null","0.71"
"Angrezi Mein Kehte Hain","2018","May","Harish Vyas","Pankaj Tripathi","Sanjay Mishra","Drama","Family","6.7","1209","10.00","0.40"
"Raazi","2018","May","Meghna Gulzar","Alia Bhatt","Vicky Kaushal","Drama","War","7.7","29831","38.00","193.58"
"The Past","2018","May","Gagan Puri","Yuvraaj Parashar","Vedita Pratap Singh","Horror","","3.2","202","3.00","0.50"
"Hope Aur Hum","2018","May","Sudip Bandyopadhyay","Naseeruddin Shah","Sonali Kulkarni","Comedy","","6.3","440","12.00","2.00"
"Omerta","2018","May","Hansal Mehta","Rajkummar Rao","Rajesh Tailang","Drama","","7.1","3249","12.00","4.50"
"102 Not Out","2018","May","Umesh Shukla","Amitabh Bachchan","Rishi Kapoor","Comedy","Drama","7.4","7105","35.00","84.71"
"Indian Never Again Nirbhaya","2018","May","Payal Kashyap, Kanchan Adhikary","Riecha Sharma","Bidisha Adhikary","Crime","Drama","6.7","30","null","null"
"Tishnagi","2018","May","Sameer Khan","Aryan Vaid","Rajpal Yadav","Romance ","Thriller","5.1","30","null","null"
"Sanju","2018","June","Rajkumar Hirani","Ranbir Kapoor","Anushka Sharma","Biography ","","7.6","52977","96.00","578.45"
"Race 3","2018","June","Remo DSouza","Salman Khan","Jacqueline Fernandez","Action","Thriller","1.9","45962","185.00","305.16"
"Krina","2018","June","Shyamal K Mishra","Sudesh Berry","Shahbaz Khan","Thriller","","7.3","8","null","null"
"Bhavesh Joshi Superhero","2018","June","Vikramaditya Motwane","Harshvardhan Kapoor","Nishikant Kamat","Action","Drama","7.6","8679","21.00","2.52"
"Veere Di Wedding","2018","June","Shashanka Ghosh","Sonam Kapoor","Kareena Kapoor","Comedy","Drama","3.3","12751","42.00","137.98"
"Phamous","2018","June","Karan Lalit Butani","Jackie Shroff","Jimmy Sheirgill","Action","Drama","3.8","317","null","0.43"
"Saheb Biwi Aur Gangster 3","2018","July","Tigmanshu Dhulia","Sanjay Dutt","Mahie Gill","Action","Romance","4.3","787","28.00","10.20"
"When Obama Loved Osama","2018","July","Sudhish Kumar Sharma","Mausam Sharma","Swati Bakshi","Comedy","","4.5","40","null","null"
"Nawabzaade","2018","July","Jayesh Pradhan","Dharmesh Yelande","Raghav Juyal","Comedy","","4.2","966","10.00","5.39"
"Dhadak","2018","July","Shashank Khaitan","Janhvi Kapoor","Ishaan Khatter","Drama","","4.5","9871","41.00","111.79"
"Soorma","2018","July","Shaad Ali","Diljit Dosanjh","Taapsee Pannu","Biography ","","7.3","5149","31.00","48.08"
"Teri Bhabhi Hai Pagle","2018","July","Viinod Tiwarri","Krushna Abhishek","Rajneesh Duggal","Comedy","","2.9","138","null","0.25"
"Yamla Pagla Deewana Phir Se","2018","August","Navaniat Singh","Dharmendra","Sunny Deol","Action","","4.5","1212","36.00","15.41"
"Stree","2018","August","Amar Kaushik","Shraddha Kapoor","Rajkummar Rao","Horror","","7.5","33028","24.00","171.68"
"Rajma Chawal","2018","August","Leena Yadav","Anirudh Tanwar","Amyra Dastur","Drama","","5.7","1833","null","null"
"Blue Jean Blues","2018","August","Nitin Mahajan","Raj Thakur","Shweta Bist","Drama","","8.1","19","null","null"
"Karim Mohammed","2018","August","Pawan Kumar Sharma","Harshit Rajawat","Alka Amin","Drama","","5","33","null","null"
"Happy Phirr Bhag Jayegi","2018","August","Mudassar Aziz","Sonakshi Sinha","Diana Penty","Comedy","","4.5","1352","30.00","24.41"
"Satyameva Jayate","2018","August","Milap Zaveri","John Abraham","Manoj Bajpayee","Action","Thriller","5.7","7279","45.00","108.25"
"Gold","2018","August","Reema Kagti","Akshay Kumar","Kunal Kapoor","Sports ","Drama","7.3","13668","107.00","149.54"
"Page 16","2018","August","Shamshad Pathan","Aseem Ali Khan","Bidita Bag","Horror","Thriller","4.1","36","null","null"
"Redrum A Tale Of Murder","2018","August","Sourabh Bali, Dhruv Sachdev","Saeeda Imtiaz","Vibhav Roy","Musical ","Thriller","4.1","38","null","null"
"Lashtam Pashtam","2018","August","Manav Bhalla","Vibhav Roy","Ishita Dutta","Drama","","6.3","87","null","null"
"Mulk","2018","August","Anubhav Sinha","Taapsee Pannu","Rishi Kapoor","Thriller","","7.6","21398","19.00","30.65"
"Karwaan","2018","August","Akarsh Khurana","Dulquer Salmaan","Irrfan Khan","Comedy","","7.5","15399","23.00","25.58"
"Fanney Khan","2018","August","Atul Manjrekar","Aishwarya Rai Bachchan","Anil Kapoor","Drama","Musical","4.5","2143","39.00","13.16"
"Sui Dhaaga - Made In India","2018","September","Sharat Katariya","Varun Dhawan","Anushka Sharma","Comedy","","6.7","8223","48.00","120.07"
"Pataakha","2018","September","Vishal Bhardwaj","Sanya Malhotra","Radhika Madan","Drama","","7.2","4152","19.00","11.06"
"III Smoking Barrels","2018","September","Sanjib Dey","Saubrat Dutta","Indraneil Sengupta","Action","","6.6","123","null","null"
"Game Paisa Ladki","2018","September","Sachin Agarwal","Zakir Hussain","Deepans Garge","Action","","6.4","8","null","null"
"Falsafa","2018","September","Himanshu Yadav","Manit Joura","Geetanjali Singh","Action","Drama","7.7","18","null","null"
"Pakhi","2018","September","Sachin Gupta","Sumeet Kant Kaul","Anamika Shukla","Drama","","7.3","8","null","null"
"Batti Gul Meter Chalu","2018","September","Shree Narayan Singh","Shahid Kapoor","Shraddha Kapoor","Comedy","","6.1","5456","49.00","52.32"
"Ishqeria","2018","September","Prerna Wadhawan","Neil Nitin Mukesh","Richa Chadda","Drama","","4","207","null","0.08"
"Manto","2018","September","Nandita Das","Nawazuddin Siddiqui","Javed Akhtar","Drama","","7.3","4219","15.00","4.31"
"Kathor","2018","September","Karan Kashyap","Lalit Parimoo","Sheetal Dimri","Drama","","6.8","10","null","null"
"Love Sonia","2018","September","Tabrez Noorani","Richa Chadda","Demi Moore","Drama","","7.4","1898","15.00","2.08"
"Mitron","2018","September","Nitin Kakkar","Jackky Bhagnani","Kritika Kamra","Comedy","","6.9","2507","15.00","5.22"
"Turning Point","2018","September","Sudhirdurlabh Tandel","Sunny Pancholi","Apoorva Arora","Action","Drama","6.8","19","null","null"
"22 Days","2018","September","Shiivam Tiwari","Shiivam Tiwari","Kritika Mishra","Drama","","7","10","null","null"
"Manmarziyaan","2018","September","Anurag Kashyap","Taapsee Pannu","Abhishek Bachchan","Drama","","6.9","8289","28.00","41.69"
"Laila Majnu","2018","September","Sajid Ali","Avinash Tiwary","Tripti Dimri","Drama","","7.6","3161","15.00","2.76"
"Halkaa","2018","September","Nila Madhab Panda","Paoli Dam","Kumud Mishra","Drama","Social","7.1","417","6.00","0.17"
"Gali Guleiyan","2018","September","Dipesh Jain","Manoj Bajpayee","Ranvir Shorey","Drama","Thriller","7","643","null","0.39"
"Paltan","2018","September","J P Dutta","Arjun Rampal","Jackie Shroff","Action","Drama","5.2","1059","35.00","10.57"
"Baazaar","2018","October","Gauravv K Chawla","Saif Ali Khan","Chitrangada Singh","Drama","Thriller","6.5","5306","34.00","39.87"
"Gaon The Village No More","2018","October","Gautam Singh","Shadab Kamal","Neha Mahajan","Drama","","5","112","null","null"
"The Journey Of Karma","2018","October","Jagbir Dahiya","Poonam Pandey","Shakti Kapoor","Drama","","3.6","106","null","null"
"Dassehra","2018","October","Manish Vatsalya","Neil Nitin Mukesh","Manish Vatsalya","Crime","Drama","3.7","351","10.00","0.25"
"My Clients Wife","2018","October","Prabhakar Meena Bhaskar Pant","Anjali Patil","Sharib Hashmi","Mystery ","Thriller","6.2","927","null","null"
"Kaashi In Search Of Ganga","2018","October","Dheeraj Kumar","Sharman Joshi","Aishwarya Devan","Drama","","5.3","354","10.00","0.93"
"5 Weddings","2018","October","Namrata Singh Gujral","Bo Derek","Rajkummar Rao","Drama","","3.5","557","20.00","0.41"
"Badhaai Ho","2018","October","Amit Sharma","Ayushmann Khurrana","Sanya Malhotra","Comedy","Family","8","33416","29.00","219.54"
"Namaste England","2018","October","Vipul Amrutlal Shah","Arjun Kapoor","Parineeti Chopra","Comedy","","2","2833","54.00","14.20"
"Tumbbad","2018","October","Rahi Anil Barve","Sohum Shah","Harish Khannaa","Thriller","","8.2","41369","15.00","15.46"
"Helicopter Eela","2018","October","Pradeep Sarkar","Kajol","Riddhi Sen","Comedy","","5.4","1138","24.00","8.41"
"Jalebi","2018","October","Pushpdeep Bhardwaj","Rhea Chakraborty","Digangana Suryavanshi","Drama","","6","2759","7.50","3.19"
"FryDay","2018","October","Abhishek Dogra","Govinda","Varun Sharma","Comedy","","5.3","838","8.00","2.09"
"Andhadhun","2018","October","Sriram Raghavan","Ayushmann Khurrana","Tabu","Drama","Thriller","8.2","88882","32.00","114.33"
"Loveyatri","2018","October","Abhiraj Minawala","Aayush Sharma","Warina Hussain","Romance ","","3.2","2289","24.00","19.39"
"I'm Not A Terrorist","2018","October","Arjin Uppal","Gulshan Grover","Rahul Dev","Action","Drama","7.1","9","null","null"
"Bhaiaji Superhit","2018","November","Neeraj Pathak","Sunny Deol","Preity Zinta","Comedy","","3.9","593","26.00","5.69"
"The Dark Side Of Life Mumbai City","2018","November","Tariq Khan","Mahesh Bhatt","Kay Kay Menon","Drama","","5.9","686","10.00","0.14"
"Mohalla Assi","2018","November","Dr. Chandrakprakash Dwivedi","Sunny Deol","Sakshi Tanwar","Comedy","Drama","6.6","1712","10.00","0.33"
"Pihu","2018","November","Vinod Kapri","Myra Vishwakarma","Prerna Vishwakarma","Drama","Thriller","6.7","2433","4.00","4.11"
"Hotel Milan","2018","November","Vishal Mishra","Kunaal Roy Kapur","Zeishan Quadri","Comedy","Drama","3.7","82","null","null"
"Thugs Of Hindostan","2018","November","Vijay Krishna Acharya","Amitabh Bachchan","Aamir Khan","Action","Thriller","4","19352","310.00","245.09"
"Jack & Dil","2018","November","Sachin P. Karande","Evelyn Sharma","Rajdeep Choudhury","Comedy","","7.5","859","10.00","0.78"
"Lupt","2018","November","Prabhuraj","Jaaved Jaaferi","Vijay Raaz","Horror","","5.7","8953","3.50","2.12"
"Rashtraputra","2018","November","Aazaad","Aazaad","Ruhi Singh","Drama","","5.9","23","null","null"
"Ekkees Tareekh Shubh Muhurat","2018","November","Pavan K Chauhan","Sanjay Mishra","Mukesh Tiwari","Drama","","5.6","2020","null","null"
"Simmba","2018","December","Rohit Shetty","Ranveer Singh","Sara Ali Khan","Comedy","Romance","5.7","23270","139.00","391.68"
"Zero","2018","December","Anand L Rai","Shahrukh Khan","Anushka Sharma","Action","Comedy","5.2","27174","270.00","191.44"
"PK Lele A Salesman","2018","December","Manav Sohal","Manav Sohal","Brijendra Kala","Comedy","","5.5","12","null","null"
"Kedarnath","2018","December","Abhishek Kapoor","Sushant Singh Rajput","Sara Ali Khan","Drama","Romance","6.7","13631","68.00","102.78"
"Manikarnika The Queen Of Jhansi","2019","January","Radha Krishna Jagarlamudi, Kangana Ranaut","Kangana Ranaut"," Danny Denzongpa","History","","6.4","14705","99.00","131.11"
"Thackeray","2019","January","Abhijit Panse","Nawazuddin Siddiqui"," Amrita Rao","Biography","","5.3","3326","31.00","25.25"
"Fraud Saiyaan","2019","January","Sourabh Shrivastava","Arshad Warsi"," Saurabh Shukla","Comedy","","4.2","754","15.00","2.28"
"Bombairiya","2019","January","Pia Sukanya","Radhika Apte"," Siddhanth Kapoor","Drama","Thriller","4.5","419","5.50","0.19"
"Why Cheat India","2019","January","Soumik Sen","Emraan Hashmi"," Shreya Dhanwanthary","Drama","Thriller","6.1","2705","23.00","10.54"
"Rangeela Raja","2019","January","Govind Nihalani","Govinda"," Mishika Chourasia","Comedy","","2.1","244","19.00","0.40"
"72 Hours","2019","January","Avinash Dhyani","Avinash Dhyani"," Yeshi Dema","Drama","War","5.3","306","null","0.15"
"Woh Jo Tha Ek Messiah Maulana Azad","2019","January","Dr Rajendra Gupta Sanjay, Sanjay Singh Negi","Linesh Fanse"," Sirali Gupta","Drama","","6.4","9","null","null"
"The Accidental Prime Minister","2019","January","Vijay Ratnakar","Anupam Kher"," Akshaye Khanna","Biography","Drama","6","7600","21.00","31.57"
"Uri","2019","January","Aditya Dhar","Vicky Kaushal"," Yami Gautam","War","Drama","8.2","58473","44.00","338.40"
"Khamiyaza","2019","January","Deekshit Kaul","Heramb Tripathi"," Piyali Munsi","Drama","","4.7","19","null","null"
"706 (2019)","2019","January","Shravan Kumar","Atul Kulkarni"," Divya Dutta","Drama","Thriller","5.3","467","null","null"
"Battalion 609","2019","January","Brijesh Batuknath Tripathi","Shoaib Ibrahim"," Elena Kazan","Action","War","2.8","127","null","null"
"Jhol","2019","January","V Shakti K","Vik Khanna"," Raashul Tandon","Comedy","Romance","8.5","41","null","null"
"Total Dhamaal","2019","February","Indra Kumar","Ajay Devgn"," Madhuri Dixit","Adventure ","Comedy","4.1","6880","113.00","227.21"
"22 Yards","2019","February","Mitali Ghoshal","Barun Sobti"," Amartya Ray","Drama","Sports","5.8","1979","null","null"
"I Am Banni","2019","February","Nitin Chaudhary, K K Makwana","Roshni Walia"," Gaurav Garg","Drama","","8.6","5","null","null"
"Hum Chaar","2019","February","Abhishek Dixit","Prit Kamani"," Simran Sharma","Drama","Romance","5.7","310","null","0.27"
"Gully Boy","2019","February","Zoya Akhtar","Ranveer Singh"," Alia Bhatt","Drama","Romance","7.9","38069","84.00","230.28"
"Facebook Wala Pyar","2019","February","Narayan K Sahu","Rahul Bagga"," Nancy Thakkar","Drama","Romance","5.7","30","null","null"
"Dosti Ke Side Effects","2019","February","Hadi Ali Abar","Sapna Choudhary"," Zuber Khan","Comedy","Romance","3.4","48","null","null"
"Amavas","2019","February","Bhushan Patel","Sachiin Joshi"," Vivan Bhatena","Horror ","Thriller","2.8","336","12.00","3.92"
"The Fakir Of Venice","2019","February","Anand Surapur","Farhan Akhtar"," Annu Kapoor","Drama","","5.1","307","1.30","0.20"
"S P Chauhan","2019","February","Manoj K Jha","Jimmy Sheirgill"," Yuvika Chaudhary","Action","Drama","5.2","2473","null","0.09"
"Umakant Pandey Purush Ya?","2019","February","Reeling Media Team","Ajeet Kumar"," Shivangi Singh","Comedy","Drama","7.3","54","null","null"
"Ek Ladki Ko Dekha Toh Aisa Laga","2019","February","Shelly Chopra Dhar","Anil Kapoor"," Sonam Kapoor","Comedy","Drama","5.6","4322","35.00","36.22"
"Ram KI Janmabhoomi","2019","March","Sanoj Mishra","Manoj Joshi"," Govind Namdeo","Drama","","4.1","126","null","null"
"Junglee","2019","March","Chuck Russell","Vidyut Jammwal"," Pooja Sawant","Action","Drama","5.5","1934","46.00","29.87"
"Gone Kesh","2019","March","Qasim Khallow","Shweta Tripathi"," Vipin Sharma","Comedy","Drama","6.9","3840","null","0.16"
"The Least Of These","2019","March","Aneesh Daniel","Sharman Joshi"," Stephen Baldwin","Drama","","5.9","874","null","null"
"Notebook","2019","March","Nitin Kakkar","Zaheer Iqbal"," Pranutan Bahl","Drama","Romance","6.9","2661","19.00","5.67"
"Mard Ko Dard Nahi Hota","2019","March","Vasan Bala","Abhimanyu Dassani"," Radhika Madan","Action","Romance","7.3","7688","17.00","3.03"
"Kesari","2019","March","Anurag Singh","Akshay Kumar"," Parineeti Chopra","Drama","War","7.4","19383","126.00","201.30"
"Photograph","2019","March","Ritesh Batra","Nawazuddin Siddiqui"," Sanya Malhotra","Comedy","Drama","6.8","5085","null","5.74"
"Milan Talkies","2019","March","Tigmanshu Dhulia","Ali Fazal"," Sanjay Mishra","Drama","","5.1","366","null","0.39"
"Mere Pyare Prime Minister","2019","March","Rakeysh Omprakash Mehra","Anjali Patil"," Atul Kulkarni","Drama","","6.8","638","null","0.47"
"Sharma Ji Ki Lag Gayi","2019","March","Manoj Sharma","Mugdha Godse"," Brijendra Kala","Drama","Comedy","4.7","2758","null","0.07"
"Code Blue","2019","March","Dr Aleena Khan","Alok Nath"," Sushmita Mukherjee","Drama","","9.2","6","null","null"
"Is She Raju","2019","March","Rahul Kumar Shukla","Amit Behl"," Ansh Gupta","Comedy","Drama","5.2","43","null","null"
"Badla","2019","March","Sujoy Ghosh","Amitabh Bachchan"," Taapsee Pannu","Drama","Thriller","7.8","27112","37.00","137.48"
"Luka Chuppi","2019","March","Laxman Utekar","Kartik Aaryan"," Kriti Sanon","Comedy","Romance","6.3","11147","34.00","122.00"
"Sonchiriya","2019","March","Abhishek Chaubhey","Sushant Singh Rajput"," Manoj Bajpayee","Drama","Thriller","7.9","11741","28.00","8.00"
"Tarpan","2019","April","Neelam R Singh","Nand Kishore Pant"," Sanjay Kumar","Social","","8.6","34","null","null"
"Kalank","2019","April","Abhishek Varman","Madhuri Dixit"," Sonakshi Sinha","Action","Drama","3.4","16514","137.00","145.51"
"Marudhar Express","2019","April","Vishal Mishra","Kunaal Roy Kapur"," Tara Alisha Berry","Comedy","Drama","6","2887","null","0.06"
"Albert Pinto Ko Gussa Kyun Aata Hai","2019","April","Soumitra Ranade","Manav Kaul"," Nandita Das","Drama","Thriller","5.5","1967","null","0.07"
"The Tashkent Files","2019","April","Vivek Ranjan Agnihotri","Mithun Chakraborty"," Naseeruddin Shah","Drama","Mystery","8.1","32007","7.50","20.84"
"Blackboard VS Whiteboard","2019","April","Tarun Bisht","Raghubir Yadav"," Alismita Goswami","Drama","","5.9","50","null","null"
"Paharganj","2019","April","Rakesh Ranjan Kumar","Bijesh Jayarajan"," Rajeev Gaursingh","Drama","","4.5","2685","null","0.20"
"Romeo Akbar Walter","2019","April","Robbie Grewal","John Abraham"," Mouni Roy","Action","Drama","6.6","5723","48.00","52.34"
"Nakkash","2019","May","Zaigham Imam","Inaamulhaq"," Kumud Mishra","Drama","","7.2","47","null","null"
"Naughty Gang","2019","May","Pankaj Kr Virat","Mukesh Tiwari"," Rashmi Mishra","Drama","","3.7","9","null","null"
"India's Most Wanted","2019","May","Rajkumar Gupta","Arjun Kapoor"," Amrita Puri","Action","Drama","4.6","2198","40.00","12.59"
"PM Narendra Modi","2019","May","Omung Kumar","Vivek Oberoi"," Darshan Kumar","Biography","Drama","2.9","7674","25.00","26.64"
"Kadke Kamaal Ke","2019","May","Laxman Singh","Rajpal Yadav"," Aaryan Adhikari","Comedy","Drama","7.2","13","null","null"
"Gunwali Dulhaniya","2019","May","Shantanu Anant Tambe","Kanchan Awasthi"," Mayur Kumar","Drama","","3.5","21","null","null"
"De De Pyaar De","2019","May","Akiv Ali","Ajay Devgn"," Rakul Preet Singh","Comedy","Drama","6.5","8133","78.00","131.02"
"Student Of The Year 2","2019","May","Punit Malhotra","Tiger Shroff"," Ananya Panday","Action","Comedy","2.1","21259","65.00","93.52"
"Blank","2019","May","Behzad Khambata","Sunny Deol"," Karan Kapadia","Action","Mystery","6.1","1063","16.00","6.41"
"Setters","2019","May","Ashwini Chaudhary","Aftab Shivdasani"," Shreyas Talpade","Drama","","5.2","265","11.00","0.84"
"Article 15","2019","June","Anubhav Sinha","Ayushmann Khurrana"," Isha Talwar","Drama","Thriller","8.2","32351","30.00","91.80"
"Noblemen","2019","June","Vandana Kataria","Kunal Kapoor"," Ali Haji","Drama","Thriller","5.6","291","null","null"
"Kabir Singh","2019","June","Sandeep Reddy Vanga","Shahid Kapoor"," Kiara Advani","Drama","Romance","7","31320","68.00","373.50"
"Fastey Fasaatey","2019","June","Amit Agarwal","Arpit Chaudhary"," Karishma Sharma","Drama","Romance","4.4","125","null","null"
"Khamoshi","2019","June","Chakri Toleti","Tamannaah Bhatia"," Prabhu Deva","Horror ","Romance","3.4","264","null","null"
"Game Over","2019","June","Ashwin Saravanan","Taapsee Pannu"," Vinodhini Vaidyanathan","Drama","Thriller","7","7342","7.50","15.91"
"Kissebaaz","2019","June","Annant Jaaitpaal","Pankaj Tripathi"," Rahul Bagga","Comedy","Drama","4.6","254","null","0.12"
"Bharat","2019","June","Ali Abbas Zafar","Salman Khan"," Katrina Kaif","Action","Adventure","4.7","30606","240.00","308.70"
"Arjun Patiala","2019","July","Rohit Jugraj","Diljit Dosanjh"," Kriti Sanon","Action","Comedy","4.3","1427","24.00","7.28"
"Judgemental Hai Kya","2019","July","Prakash Kovelamudi","Rajkummar Rao"," Kangana Ranaut","Drama","Thriller","6","6488","32.00","40.00"
"Jhootha Kahin Ka","2019","July","Smeep Kang","Rishi Kapoor"," Omkar Kapoor","Comedy","Drama","4.6","371","16.00","2.86"
"Penalty","2019","July","Shubham Singh","Kay Kay Menon"," Manjot Singh","Drama","Sports","5.3","859","10.00","0.02"
"Family Of Thakurganj","2019","July","Manoj K Jha","Jimmy Sheirgill"," Mahie Gill","Action","Comedy","8.6","1630","15.00","0.49"
"Super 30","2019","July","Vikas Bahl","Hrithik Roshan"," Pankaj Tripathi","Biography","Drama","7.9","29804","120.00","205.35"
"Time To Retaliate: Masoom","2019","July","Kumaar Aadarsh","Alia Khan"," Ritesh Raghuvanshi","Drama","","5.5","27","null","null"
"Malaal","2019","July","Mangesh Hadawale","Meezaan"," Sharmin Segal","Drama","Romance","5.8","1037","16.00","3.70"
"One Day: Justice Delivered","2019","July","Ashok Nanda","Anupam Kher"," Esha Gupta","Drama","Thriller","5","3425","null","0.19"
"Hume Tumse Pyaar Kitna","2019","July","Lalit Mohan Tiwari","Karanvir Bohra"," Priya Banerjee","Action","Drama","4.1","130","null","0.20"
"Batla House","2019","August","Nikkhil Advani","John Abraham"," Mrunal Thakur","Action","Drama","7.2","11590","56.00","112.88"
"Mission Mangal","2019","August","Jagan Shakti","Akshay Kumar"," Vidya Balan","Drama","Thriller","6.5","15408","95.00","279.69"
"Jabariya Jodi","2019","August","Prashant Singh","Sidharth Malhotra"," Parineeti Chopra","Comedy","Drama","4","1601","39.00","22.97"
"Mushkil","2019","August","Rajiv S Ruia","Kunal Kapoor"," Rajneesh Duggal","Drama","Thriller","4.7","2178","null","0.27"
"Khandaani Shafakhana","2019","August","Shilpi Dasgupta","Sonakshi Sinha"," Varun Sharma","Comedy","Drama","4.2","1905","26.00","5.16"
"Little Baby","2019","September","Shekhar S Jha","Priyanshu Chatterje"," Gulnaz Siganporia","Drama","","8.7","6612","null","0.01"
"Main Zaroor Aaunga","2019","September","Chandrakant Singh","Arbaaz Khan"," Aindrita Ray","Drama","","4.3","57","null","null"
"Officer Arjun Singh IPS","2019","September","Arshad Siddiqui","Priyanshu Chatterjee"," Raai Laxmi","Action","Drama","7.1","451","null","null"
"Pal Pal Dil Ke Paas","2019","September","Sunny Deol","Karan Deol"," Sahher Bambba","Action","Comedy","4.5","1168","45.00","9.16"
"The Zoya Factor","2019","September","Abhishek Sharma","Dulquer Salmaan"," Sonam Kapoor","Drama","Romance","4.3","2404","33.00","6.19"
"Prassthanam","2019","September","Deva Katta","Sanjay Dutt"," Jackie Shroff","Drama","","5.8","1483","39.00","7.57"
"Section 375","2019","September","Ajay Bahl","Richa Chadda"," Akshaye Khanna","Drama","Thriller","8.1","15296","17.00","15.02"
"Dream Girl","2019","September","Raaj Shaandilyaa","Ayushmann Khurrana"," Nushrat Bharucha","Comedy","Romance","7","14054","36.00","195.44"
"Chhichhore","2019","September","Nitesh Tiwari","Sushant Singh Rajput"," Shraddha Kapoor","Comedy","Drama","8.2","49672","53.00","203.63"
"Bedhab","2019","October","Akash Goila","Sanjay Kapoor"," Karishma Kotak","Drama","","5.3","43","null","null"
"Housefull 4","2019","October","Farhad Samji","Akshay Kumar"," Kriti Sanon","Comedy","Drama","3.5","12474","162.00","294.80"
"Zindagi Tumse","2019","October","Tariq Bhat","Guddi Maruti"," Rajesh Puri","Drama","","6","13","null","null"
"Saand Ki Aankh","2019","October","Tushar Hiranandani","Bhumi Pednekar"," Taapsee Pannu","Biography","Drama","7.7","6442","25.00","30.49"
"Made In China","2019","October","Mikhil Musale","Rajkummar Rao"," Mouni Roy","Drama","","6.2","4340","30.00","14.45"
"Laal Kaptaan","2019","October","Navdeep Singh","Saif Ali Khan"," Manav Vij","Drama","Mystery","7.2","4679","41.00","3.62"
"Gumnaami","2019","October","Srijit Mukherji","Prosenjit Chatterjee"," Anirban Bhattacharya","Drama","","7.8","2285","2.80","7.00"
"P Se Pyaar, F Se Faraar","2019","October","Manoj Tiwari","Jimmy Sheirgill"," Sanjay Mishra","Drama","","6.3","1706","10.00","0.91"
"Ghost","2019","October","Vikram Bhatt","Sanya Irani"," Shivam Bhaargava","Drama","Thriller","5","2727","null","2.50"
"Yaaram","2019","October","Ovais Khan","Prateik Babbar"," Siddhanth Kapoor","Drama","","4.5","42","null","null"
"Junction Varanasi","2019","October","Dheeraj Pandit","Zarina Wahab"," Dev Sharma","Drama","","3.9","22","null","null"
"Life Mein Time Nahi Hai Kisi Ko","2019","October","Manoj Sharma","Rajneesh Duggal"," Krishna Abhishek","Drama","","7.1","25","null","null"
"Make In India","2019","October","B K Singh","Himani Shivpuri"," Raghubir Yadav","Drama","","7.8","9","null","null"
"The Sky Is Pink","2019","October","Shonali Bose","Priyanka Chopra"," Farhan Akhtar","Biography","","7.5","8545","42.00","33.86"
"War","2019","October","Siddharth Anand","Hrithik Roshan"," Tiger Shroff","Action","Drama","6.5","23816","205.00","442.42"
"X Ray: The Inner Image","2019","November","Rajiv S Ruia","Yaashi Kapoor"," Rahul Sharma","Drama","","3.8","48","null","null"
"Tony","2019","November","Vipul K Rawal","Yashodhan Rana"," Manoj Chandila","Thriller","","7.7","1446","null","null"
"Yeh Saali Aashiqui","2019","November","Cherag Ruparel","Shivaleeka Oberoi"," Vardhan Puri","Drama","Romance","7.9","3926","null","0.70"
"Commando 3","2019","November","Aditya Datt","Vidyut Jammwal"," Adah Sharma","Action","Drama","5.7","2974","29.00","42.51"
"Hotel Mumbai","2019","November","Anthony Maras","Anupam Kher"," Dev Patel","Drama","","7.6","61484","15.00","158.00"
"Pagalpanti","2019","November","Anees Bazmee","Anil Kapoor"," John Abraham","Comedy","Drama","3.2","2427","72.00","49.54"
"Marjaavaan","2019","November","Milap Zaveri","Riteish Deshmukh"," Sidharth Malhotra","Action","Drama","3.5","3868","38.00","54.38"
"Motichoor Chaknachoor","2019","November","Debamitra Hassan","Nawazuddin Siddiqui"," Athiya Shetty","Comedy","Drama","5.8","2794","19.00","2.78"
"Jhalki","2019","November","Brahmanand S Siingh","Divya Dutta"," Boman Irani","Drama","","6.9","1781","null","0.09"
"Marrne Bhi Do Yaaron","2019","November","Kashmira Shah","Krushna Abhishek"," Kashmira Shah","Comedy","Drama","5.2","86","null","null"
"Bypass Road","2019","November","Naman Nitin Mukesh","Neil Nitin Mukesh"," Adah Sharma","Drama","Thriller","5.4","1003","null","1.18"
"Satellite Shankar","2019","November","Irfan Kamal","Sooraj Pancholi"," Megha Akash","Action","Drama","6.3","1108","null","0.50"
"Bala","2019","November","Amar Kaushik","Ayushmann Khurrana"," Bhumi Pednekar","Drama","Family","7.3","14296","32.00","131.00"
"Ujda Chaman","2019","November","Abhishek Pathak","Sunny Singh Nijjar"," Maanvi Gagroo","Comedy","Drama","6.9","6737","18.00","11.96"
"Good Newwz","2019","December","Raj Mehta","Akshay Kumar"," Kareena Kapoor`","Drama","Romance","6.8","19543","117.00","304.27"
"Dabangg 3","2019","December","Prabhu Deva","Salman Khan"," Sudeep","Action","Comedy","3","18585","178.00","217.85"
"The Body","2019","December","Jeethu Joseph","Emraan Hashmi"," Vedhika","Black Comedy","","5.4","3367","19.00","3.98"
"Mardaani 2","2019","December","Gopi Puthran","Rani Mukherjee"," Vikram Singh Chauhan","Action","Drama","7.3","9182","27.00","63.74"
"Panipat","2019","December","Ashutosh Gowariker","Sanjay Dutt"," Arjun Kapoor","Drama","History","5.2","5487","92.00","40.24"
"Pati Patni Aur Who","2019","December","Mudassar Aziz","Kartik Aaryan"," Ananya Panday","Drama","Romance","5.8","7142","43.00","109.89"
"Gul Makai","2020","January","Amjad Khan","Reem Shaikh"," Divya Dutta","Drama","","2.8","278","8.00","0.10"
"Jawaani Jaaneman","2020","January","Nitin Kakkar","Saif Ali Khan"," Alaia F","Drama","Family","6.5","8872","34.00","39.10"
"Happy Hardy And Heer","2020","January","Raka","Himesh Reshammiya"," Sonia Mann","Drama","Romance","6.4","1360","7.00","0.15"
"Panga","2020","January","Ashwiny Iyer Tiwari","Kangana Ranaut"," Jassi Gill","Drama","Thriller","6.8","7362","49.00","34.30"
"Street Dancer 3D","2020","January","Remo Dsouza","Varun Dhawan"," Shraddha Kapoor","Drama","Musical","3.8","7568","96.00","90.46"
"Jai Mummy Di","2020","January","Navjot Gulati","Sunny Singh Nijjar"," Sonnalli Seygall","Comedy","Romance","3.6","932","14.00","3.18"
"Bunker","2020","January","Jugal Raja","Abhijeet Singh"," Arindita Kalita","Drama","War","7","89","null","null"
"Tanhaji: The Unsung Warrior","2020","January","Om Raut","Ajay Devgn"," Saif Ali Khan","Drama","War","7.6","28560","172.00","361.78"
"Chhapaak","2020","January","Meghna Gulzar","Deepika Padukone"," Vikrant Massey","Drama","Thriller","5.5","26847","50.00","49.79"
"English Ki Taay Taay Fisss","2020","January","Shailendra Singh Rajput","Rajpal Yadav"," Manoj Joshi","Comedy","Romance","6.6","12","null","null"
"Sab Kushal Mangal","2020","January","Karan Kashyap","Akshaye Khanna"," Riva Kishan","Drama","Romance","4.3","261","15.00","0.70"
"Bhangra Paa Le","2020","January","Sneha Taurani","Sunny Kaushal"," Rukshar Dhillon","Drama","","6.3","353","14.00","0.55"
"Shimla Mirchi","2020","January","Ramesh Sippy","Rajkummar Rao"," Hema Malini","Comedy","Drama","4.6","1496","15.00","0.05"
"Cookie","2020","February","Lalit Marathe","Ankur Vikal"," Vibhoutee Sharma","Horror","","6.4","2027","4.00","null"
"Doordarshan","2020","February","Gagan Puri","Mahie Gill","","Drama","","6.2","5789","4.00","2.00"
"Thappad","2020","February","Anubhav Sinha","Taapsee Pannu"," Pavail Gulati","Drama","Family","7.3","32643","24.00","43.77"
"O Pushpa I Hate Tears","2020","February","Dinkar Kapoor","Krishna Abhishek"," Karthik Jayram","Comedy","Thriller","5.3","8","null","null"
"Haunted Hills","2020","February","Sanjeev Kumar Rajput","Krishna Chaturvedi"," Diana Khan","Horror","Romance","7.2","41","null","null"
"Rizwan","2020","February","Haresh Vyas","Vikram Mehta"," Keyuri Shah","Drama","","7.7","13","null","null"
"Guns Of Banaras","2020","February","Shekhar Suri","Karan Nath"," Nathalia Kaur","Drama","","5.8","576","7.00","2.50"
"Shubh Mangal Zyada Saavdhan","2020","February","Hitesh Kewalya","Ayushmann Khurrana"," Jitendra Kumar","Drama","","5.9","9384","48.00","83.33"
"Bhoot Part One: The Haunted Ship","2020","February","Bhanu Pratap Singh","Vicky Kaushal"," Bhumi Pednekar","Horror","Thriller","5.5","5388","37.00","40.71"
"Love Aaj Kal","2020","February","Imtiaz Ali","Kartik Aaryan"," Sara Ali Khan","Comedy","Romance","4.8","10106","58.00","50.05"
"Hum Bhi Akele Tum Bhi Akele","2020","February","Harish Vyas","Anshuman Jha"," Zareen Khan","Drama","Romance","6.7","1074","6.00","null"
"Hacked","2020","February","Vikram Bhatt","Hina Khan"," Rohan Shah","Crime ","Thriller","4.4","1448","4.50","1.82"
"Shikara","2020","February","Vidhu Vinod Chopra","Aadil Khan"," Sadia","Drama","History","3.4","15011","14.00","8.49"
"Malang","2020","February","Mohit Suri","Anil Kapoor"," Aditya Roy Kapur","Romance ","Thriller","6.5","10233","64.00","83.43"
"Angrezi Medium","2020","March","Homi Adajania","Irrfan Khan"," Kareena Kapoor","Drama","","7.3","16523","36.00","10.72"
"Baaghi 3","2020","March","Ahmed Khan","Tiger Shroff"," Ankita Lokhande","Action","Romance","2.2","11909","85.00","135.92"
"Kaamyaab","2020","March","Hardik Mehta","Sanjay Mishra"," Deepak Dobriyal","Drama","","7.8","4186","7.00","2.00"
"Dheet Patangey","2020","March","Ravi Adhikari","Muntazir Ahmad"," Ali Murad","Comedy","Drama","7.3","76","null","null"
"The Pushkar Lodge","2020","April","Vijay Suthar","Gulshan Pandey","","Drama","","8.6","40","null","null"
"Ghoomketu","2020","May","Pushpendra Misra","Nawazuddin Siddiqui"," Richa Chadda","Drama","","5.7","4766","10.00","null"
"Mrs Serial Killer","2020","May","Shirish Kunder","Jacqueline Fernandez"," Manoj Bajpayee","Drama","Thriller","5.3","19630","null","null"
"Gulabo Sitabo","2020","June","Shoojit Sircar","Amitabh Bachchan"," Ayushmann Khurrana","Comedy","Drama","6.3","12636","40.00","60.00"
"Raat Akeli Hai","2020","July","Honey Trehan","Radhika Apte"," Nawazuddin Siddiqui","Drama","Thriller","7.2","17806","20.00","null"
"Shakuntala Devi","2020","July","Anu Menon","Vidya Balan"," Jishu Sengupta","Biography","Drama","6.1","9252","25.00","40.00"
"Lootcase","2020","July","Rajesh Krishnan","Kunal Khemu"," Rasika Dugal","Comedy","Drama","7.6","17192","18.00","15.00"
"Yaara","2020","July","Tigmanshu Dhulia","Vidyut Jammwal"," Shruti Haasan","Action","","6.3","6387","25.00","null"
"Dil Bechara","2020","July","Mukesh Chhabra","Sushant Singh Rajput"," Sanjana Sanghi","Drama","Romance","8.1","128405","38.00","50.00"
"Virgin Bhanupriya","2020","July","Ajay Lohan","Urvashi Rautela"," Gautam Gulati","Comedy","Drama","3.1","5096","15.00","null"
"Sadak 2","2020","August","Mahesh Bhatt","Sanjay Dutt"," Pooja Bhatt","Thriller","","1.1","94627","52.00","70.00"
"Class Of 83","2020","August","Atul Sabharwal","Bobby Deol"," Anoop Soni","Drama","","5.8","5571","21.00","null"
"Khuda Hafiz","2020","August","Faruk Kabir","Vidyut Jammwal"," Shivaleeka Oberoi","Action","Romance","7.3","18957","24.00","63.00"
"Gunjan Saxena: The Kargil Girl","2020","August","Sharan Sharma","Janhvi Kapoor"," Pankaj Tripathi","Biography","","5.7","34410","40.00","null"
"Pareeksha","2020","August","Prakash Jha","Adil Hussain"," Priyanka Bose","Biography","","8.1","4498","11.00","null"
"Dolly Kitty Aur Woh Chamakte Sitare","2020","September","Alankrita Shrivastava","Konkona Sen Sharma"," Bhumi Pednekar","Drama","","5.5","7550","6.00","null"
"Tallukh","2020","September","Anurag Jha","Yash Krishnani"," Anurag Jha","Drama","","5.8","102","null","null"
"Comedy Couple","2020","October","Nachiket Samant","Shweta Basu Prasad"," Saqib Saleem","Drama","","7.5","3553","7.00","null"
"Ginny Weds Sunny","2020","October","Puneet Khanna","Yami Gautam"," Vikrant Massey","Comedy","Drama","5.7","4699","15.00","null"
"Bahut Hua Sammaan","2020","October","Ashish Shukla","Sanjay Mishra"," Ram Kapoor","Comedy","Drama","7.3","3485","17.00","58.00"
"Khaali Peeli","2020","October","Maqbool Khan","Ishaan Khatter"," Ananya Panday","Drama","Romance","2.5","9563","15.00","20.00"
"Its My Life","2020","November","Anees Bazmee","Harman Baweja"," Genelia Dsouza","Romance ","","5.5","141","10.00","null"
"Vinashkaal","2020","November","Rakesh Sawant","Jai Akash"," Nupoor Mehta","Horror","","5.3","8","null","null"
"Chhalaang","2020","November","Hansal Mehta","Rajkummar Rao"," Nushrat Bharucha","Comedy","","7","19030","15.00","null"
"Suraj Pe Mangal Bhari","2020","November","Abhishek Sharma","Manoj Bajpayee"," Diljit Dosanjh","Drama","","6.1","3505","15.00","4.32"
"Ludo","2020","November","Anurag Basu","Abhishek Bachchan"," Rajkummar Rao","Drama","","7.6","38066","21.00","43.00"
"Laxmii","2020","November","Raghava Lawrence","Akshay Kumar"," Kiara Advani","Comedy","Horror","2.7","56714","60.00","125.00"
"Shakeela","2020","December","Indrajit Lankesh","Richa Chadda"," Rajeev Pillai","Biography","Drama","3.4","647","7.00","0.35"
"Coolie No 1","2020","December","David Dhawan","Varun Dhawan"," Sara Ali Khan","Comedy","Romance","4.2","73199","65.00","100.00"
"Sayonee","2020","December","Nitin Kumar Gupta, Abhay Singhal","Tanmay Ssingh"," Musskan Sethi","Action","Musical","8","699","5.00","null"
"Teri Diwali Meri Christmas","2020","December","Anurag Jha","Anurag Jha"," Hemavaishnave","Drama","Romance","5.9","25","null","null"
"Torbaaz","2020","December","Girish Malik","Nargis Fakhri"," Sanjay Dutt","Drama","Thriller","7.1","17860","25.00","null"
"Indoo Ki Jawani","2020","December","Abir Sengupta","Kiara Advani"," Aditya Seal","Drama","","3.4","6150","null","1.42"
"Durgamati","2020","December","G Ashok","Bhumi Pednekar"," Arshad Warsi","Horror","Thriller","4.1","5514","15.00","null"
"Darbaan","2020","December","Bipin Nadkarni","Sharib Hashmi"," Sharad Kelkar","Drama","","7.5","870","null","null"
"Maassab","2021","January","Aditya Om","ChandraBhushan Singh"," Sheetal Singh","Drama","","8.4","227","null","null"
"Madam Chief Minister","2021","January","Subhash Kapoor","Richa Chadda"," Akshay Oberoi","Drama","","4.8","1753","14.00","0.58"
"The White Tiger","2021","January","Ramin Bahrani","Priyanka Chopra"," Adarsh Gourav","Drama","","7.1","58655","null","null"
"Bolo Hau","2021","January","Tarun Dhanrajgir","Jahnavi Dhanrajgir"," Ankit Rathi","Drama","Romance","6.2","8","null","null"
"12'o Clock","2021","January","Ram Gopal Varma","Mithun Chakraborty"," Makarand Deshpande","Horror","Psychological","3.1","200","8.00","null"
"Kaagaz","2021","January","Satish Kaushik","Pankaj Tripathi"," Sandeepa Dhar","Biography","Drama","7.5","8582","null","null"
"Ramprasad Ki Tehrvi","2021","January","Seema Pahwa","Naseeruddin Shah"," Vinay Pathak","Drama","Family","7.5","5271","10.00","null"
"The Girl On The Train Bollywood Remake","2021","February","Ribhu Dasgupta","Parineeti Chopra"," Aditi Rao Hydari","Mystery ","Thriller","4.6","14447","20.00","null"
"Tuesdays And Fridays","2021","February","Taranveer Singh","Anmol Thakeria Dhillon"," Jhataleka","Drama","Romance","4.5","766","40.00","null"
"Aadhaar","2021","February","Suman Ghosh","Vineet Kumar Singh"," Raghubir Yadav","Drama","","7","115","null","null"
"Saina","2021","March","Amol Gupte","Parineeti Chopra"," Manav Kaul","Biography","Drama","4.5","4055","26.00","1.51"
"Pagglait","2021","March","Umesh Bist","Sanya Malhotra"," Shruti Sharma","Comedy","Drama","6.9","9133","5.50","null"
"D Company","2021","March","Ram Gopal Varma","Naina Ganguly"," Apsara Rani","Action","Crime","6.2","542","6.00","null"
"Mumbai Saga","2021","March","Sanjay Gupta","Emraan Hashmi"," John Abraham","Action","Thriller","6.3","9471","64.00","24.02"
"Sandeep Aur Pinky Faraar","2021","March","Dibakar Banerjee","Arjun Kapoor"," Parineeti Chopra","Romance","Thriller","6.4","8393","20.00","0.58"
"The Wife","2021","March","Sarmad Khan","Gurmeet Choudhary"," Sayani Dutta","Drama","Horror","4.6","321","8.00","null"
"Time To Dance","2021","March","Stanley D Costa","Sooraj Pancholi"," Isabelle Kaif","Drama","","2.2","948","25.00","null"
"Roohi","2021","March","Hardik Mehta","Rajkummar Rao"," Varun Sharma","Comedy","Horror","4.4","9912","2.60","31.45"
"Fauji Calling","2021","March","Aaryaan Saxena","Sharman Joshi"," Ranjha Vikram Singh","Action","Drama","5.3","2925","16.00","0.48"
"99 Songs","2021","April","Vishwesh Krishnamoorthy","Ehan Bhat"," Edilsy Vargas","Drama","Musical","6.9","2262","25.00","null"
"Hello Charlie","2021","April","Pankaj Saraswat","Jackie Shroff"," Aadar Jain","Comedy","Drama","6","4348","8.00","null"
"The Big Bull","2021","April","Kookie Gulati","Abhishek Bachchan"," Nikita Dutta","Crime","Drama","6.7","16195","40.00","null"
"Koi Jaane Na","2021","April","Amin Hajee","Kunal Kapoor"," Amyra Dastur","Psychological","Thriller","3.8","833","8.00","0.52"
"Flight","2021","April","Suraj Joshi","Mohit Chadda"," Pavan Malhotra","Action","Thriller","6.1","1331","7.00","null"
"Sardar Ka Grandson","2021","May","Kaashvi Nair","Arjun Kapoor"," Rakul Preet Singh","Drama","Romance","4.3","4496","20.00","null"
"Kabaad The Coin","2021","May","Varadraj Swami","Vivaan Shah"," Zoya Afroz","Romance","Thriller","6.5","83","5.00","null"
"Radhe: Your Most Wanted Bhai","2021","May","Prabhu Deva","Salman Khan"," Disha Patani","Action","Drama","2.3","176440","90.00","18.33"
"Mumbaikar","2021","May","Santosh Sivan","Vikrant Massey"," Vijay Sethupathi","Action","Drama","2.9","23","null","null"
"Sherni","2021","June","Amit Masurkar","Vidya Balan"," Vijay Raaz","Drama","Thriller","6.8","10915","12.00","null"
"Mimi","2021","July","Laxman Utekar","Pankaj Tripathi"," Kriti Sanon","Comedy","Drama","8","37320","25.00","null"
"Hungama 2","2021","July","Priyadarshan","Shilpa Shetty"," Paresh Rawal","Comedy","Drama","3.2","6196","30.00","45.00"
"14 Phere","2021","July","Devanshu Singh","Vikrant Massey"," Kriti Kharbanda","Comedy","Drama","6.4","4881","15.00","null"
"Toofaan","2021","July","Rakeysh Omprakash Mehra","Farhan Akhtar"," Paresh Rawal","Drama","Sports","5.9","34403","15.00","null"
"Haseen Dillruba","2021","July","Vinil Mathew","Taapsee Pannu"," Vikrant Massey","Mystery ","Thriller","7","25771","18.00","null"
"Chehre","2021","August","Rumi Jaffery","Amitabh Bachchan"," Emraan Hashmi","Drama","Thriller","7","26844","30.00","8.27"
"Bell Bottom","2021","August","Ranjit M Tewari","Akshay Kumar"," Vaani Kapoor","Action","Drama","6.3","21882","168.00","53.29"
"Sitapur The City Of Gangsters","2021","August","Mobeen Warsi","Ravi Sudha Choudhary"," Aparna Mallick","Crime","Drama","5","25","null","null"
"Bhuj The Pride Of India","2021","August","Abhishek Dudhaiya","Ajay Devgn"," Sanjay Dutt","Drama","","5.4","24217","130.00","null"
"Shershaah","2021","August","Vishnu Vardhan","Sidharth Malhotra"," Kiara Advani","Biography","Drama","8.7","116479","55.00","136.00"
"Dial 100","2021","August","Rensil D Silva","Manoj Bajpayee"," Neena Gupta","Drama","Thriller","5.9","3420","25.00","null"
"Premaatur","2021","August","Sumit Sagar","Prashant Walde"," Heta Shah","Horror","Thriller","6.9","9","0.25","null"
"Haathi Mere Saathi","2021","September","Prabhu Solomon","Rana Daggubati"," Pulkit Samrat","Drama","","6.4","421","25.00","null"
"Bhoot Police","2021","September","Pavan Kirpalani","Saif Ali Khan"," Yami Gautam","Comedy","Horror","7.5","26021","40.00","60.00"
"Kya Meri Sonam Gupta Bewafa Hai ?","2021","September","Saurabh Tyagi","Jassi Gill"," Surbhi Jyoti","Comedy","","4.8","1146","6.00","null"
"Helmet","2021","September","Satram Ramani","Aparshakti Khurana"," Pranutan Bahl","Comedy","Drama","6.6","3173","10.00","null"
"Faactory","2021","September","Faisal Khan","Faisal Khan"," Roaleey Ryan","Drama","Thriller","6.8","625","1.00","0.04"
"The Interview: Night Of 26/11","2021","September","Laurens Postma","Jackie Shroff"," Anjum Nayar","Drama","Thriller","4.1","29","null","null"
"Dybbuk","2021","October","Jay K","Emraan Hashmi"," Darshana Banik","Horror","Thriller","5","2609","15.00","null"
"Bekhudi","2021","October","Amit Kasaria","Adhyayan Suman","","Drama","Thriller","6.5","706","2.00","null"
"Hum Do Hamare Do","2021","October","Abhishek Jain","Rajkummar Rao"," Kriti Sanon","Comedy","Drama","6.1","6697","25.00","null"
"Babloo Bachelor","2021","October","Agnidev Chatterjee","Sharman Joshi"," Tejasree Pradhan","Comedy","Romance","5.7","47","10.00","null"
"Bhavai","2021","October","Hardik Gajjar","Pratik Gandhi"," Aindrita Ray","Drama","Romance","7.8","2000","9.00","0.57"
"Sardar Udham","2021","October","Shoojit Sircar","Vicky Kaushal"," Banita Sandhu","Drama","Thriller","8.7","38920","30.00","null"
"Rashmi Rocket","2021","October","Akarsh Khurana","Taapsee Pannu"," Priyanshu Painyuli","Drama","Sports","8","10335","11.00","null"
"Sanak","2021","October","Kanishk Varma","Vidyut Jammwal"," Rukmini Maitra","Action","Thriller","6.9","8870","20.00","null"
"Shiddat","2021","October","Kunal Deshmukh","Sunny Kaushal"," Radhika Madan","Drama","Romance","8.1","19246","15.00","null"
"Chhorii","2021","November","Vishal Furia","Nushrat Bharucha"," Mita Vashisht","Drama","Horror","6.9","5255","15.00","null"
"Antim: The Final Truth","2021","November","Mahesh Manjrekar","Salman Khan"," Aayush Sharma","Drama","","7.5","39814","48.00","59.30"
"Satyameva Jayate 2","2021","November","Milap Zaveri","John Abraham"," Divya Khosla Kumar","Action","Drama","5.4","15398","89.00","17.41"
"Bunty Aur Babli 2","2021","November","Varun V Sharma","Siddhant Chaturvedi"," Sharvari Wagh","Comedy","Drama","4.1","3679","45.00","21.60"
"Dhamaka","2021","November","Ram Madhvani","Kartik Aaryan"," Mrunal Thakur","Action","Drama","7.7","39486","40.00","null"
"Ye Mard Bechara","2021","November","Anuup Thapa","Manukriti Pahwa"," Seema Pahwa","Drama","","8.7","1070","10.00","0.05"
"Cash 2021","2021","November","Rishab Seth","Amol Parashar"," Smriti Kalra","Drama","","8.1","4395","5.00","null"
"Sooryavanshi","2021","November","Rohit Shetty","Akshay Kumar"," Katrina Kaif","Action","Thriller","6.9","74999","250.00","298.84"
"Meenakshi Sundareshwar","2021","November","Vivek Soni","Abhimanyu Dassani"," Sanya Malhotra","Comedy","Romance","7.5","17116","10.00","null"
"83 (2021)","2021","December","Kabir Khan","Ranveer Singh"," Jeeva","Biography","Drama","7.7","31683","260.00","186.97"
"Atrangi Re","2021","December","Anand L Rai","Akshay Kumar"," Dhanush","Drama","Romance","6.7","23715","60.00","null"
"Dre7ms","2021","December","Anurag Jha","Anurag Jha"," Bhuvansing Patle","Drama","","8.6","101","1.00","null"
"420 IPC","2021","December","Manish Gupta","Vinay Pathak"," Ranvir Shorey","Drama","","6.5","1187","10.00","null"
"Code Name Abdul","2021","December","Eshwar Gunturu","Tanisha Mukherjee"," Khatera Hakimi","Drama","","8.9","591","null","null"
"Chandigarh Kare Aashiqui","2021","December","Abhishek Kapoor","Ayushmann Khurrana"," Vaani Kapoor","Drama","","6.9","12303","39.00","38.57"
"Velle","2021","December","Deven Munjal","Abhay Deol"," Karan Deol","Drama","","7.2","4647","11.00","0.59"
"Tadap","2021","December","Milan Luthria","Ahan Shetty"," Tara Sutaria","Action","Romance","5.6","4096","27.00","34.85"
"Bob Biswas","2021","December","Diya Annapurna Ghosh","Abhishek Bachchan"," Chitrangada Singh","Crime","Thriller","6.8","6840","18.00","null"
"","","","","","","","","","","",""
"","","","","","","",""," ","","",""
